		{"parent":
"all_item:life/plant/root",
		"display":{"icon":{"item":
"minecraft:lily_pad"
		},"title":
"单体植物科",
		"description":"","frame":"task","show_toast":true,"announce_to_chat":true,
		"hidden":false},"criteria":{

"minecraft:lily_pad":{"trigger":"minecraft:inventory_changed","conditions":{"items":[{"items":["minecraft:lily_pad"]}]}},
"minecraft:spore_blossom":{"trigger":"minecraft:inventory_changed","conditions":{"items":[{"items":["minecraft:spore_blossom"]}]}},
"minecraft:dead_bush":{"trigger":"minecraft:inventory_changed","conditions":{"items":[{"items":["minecraft:dead_bush"]}]}}

		},"requirements":[

["minecraft:lily_pad",
"minecraft:spore_blossom",
"minecraft:dead_bush"]
		]}
