		{"display":{"icon":{"item":
"minecraft:enchanting_table"
		},"title":
"附魔目",
		"description":"","frame":"task","background":"minecraft:textures/gui/advancements/backgrounds/stone.png",
        "show_toast":true,"announce_to_chat":true,"hidden":false},"criteria":{

"minecraft:enchanting_table":{"trigger":"minecraft:inventory_changed","conditions":{"items":[{"items":["minecraft:enchanting_table"]}]}},
"minecraft:bookshelf":{"trigger":"minecraft:inventory_changed","conditions":{"items":[{"items":["minecraft:bookshelf"]}]}},
"minecraft:experience_bottle":{"trigger":"minecraft:inventory_changed","conditions":{"items":[{"items":["minecraft:experience_bottle"]}]}},
"minecraft:enchanted_book":{"trigger":"minecraft:inventory_changed","conditions":{"items":[{"items":["minecraft:enchanted_book"]}]}}

		},"requirements":[

["minecraft:enchanting_table",
"minecraft:bookshelf",
"minecraft:experience_bottle",
"minecraft:enchanted_book"]
		]}
