		{"parent":
"all_item:stone/stone/root",
		"display":{"icon":{"item":
"minecraft:deepslate"
		},"title":
"深板岩科",
		"description":"","frame":"task","show_toast":true,"announce_to_chat":true,
		"hidden":false},"criteria":{

"minecraft:deepslate":{"trigger":"minecraft:inventory_changed","conditions":{"items":[{"items":["minecraft:deepslate"]}]}},
"minecraft:chiseled_deepslate":{"trigger":"minecraft:inventory_changed","conditions":{"items":[{"items":["minecraft:chiseled_deepslate"]}]}},
"minecraft:polished_deepslate":{"trigger":"minecraft:inventory_changed","conditions":{"items":[{"items":["minecraft:polished_deepslate"]}]}},
"minecraft:deepslate_bricks":{"trigger":"minecraft:inventory_changed","conditions":{"items":[{"items":["minecraft:deepslate_bricks"]}]}},
"minecraft:deepslate_tiles":{"trigger":"minecraft:inventory_changed","conditions":{"items":[{"items":["minecraft:deepslate_tiles"]}]}},
"minecraft:cracked_deepslate_bricks":{"trigger":"minecraft:inventory_changed","conditions":{"items":[{"items":["minecraft:cracked_deepslate_bricks"]}]}},
"minecraft:cracked_deepslate_tiles":{"trigger":"minecraft:inventory_changed","conditions":{"items":[{"items":["minecraft:cracked_deepslate_tiles"]}]}},
"minecraft:cobbled_deepslate":{"trigger":"minecraft:inventory_changed","conditions":{"items":[{"items":["minecraft:cobbled_deepslate"]}]}}

		},"requirements":[

["minecraft:deepslate",
"minecraft:chiseled_deepslate",
"minecraft:polished_deepslate",
"minecraft:deepslate_bricks",
"minecraft:deepslate_tiles",
"minecraft:cracked_deepslate_bricks",
"minecraft:cracked_deepslate_tiles",
"minecraft:cobbled_deepslate"]
		]}
