		{"parent":
"all_item:stone/stone/deepslate/_family",
		"display":{"icon":{"item":
"minecraft:deepslate_bricks"
		},"title":
"深板岩砖属",
		"description":"","frame":"task","show_toast":true,"announce_to_chat":true,
		"hidden":false},"criteria":{

"minecraft:deepslate_bricks":{"trigger":"minecraft:inventory_changed","conditions":{"items":[{"items":["minecraft:deepslate_bricks"]}]}},
"minecraft:deepslate_tiles":{"trigger":"minecraft:inventory_changed","conditions":{"items":[{"items":["minecraft:deepslate_tiles"]}]}},
"minecraft:cracked_deepslate_bricks":{"trigger":"minecraft:inventory_changed","conditions":{"items":[{"items":["minecraft:cracked_deepslate_bricks"]}]}},
"minecraft:cracked_deepslate_tiles":{"trigger":"minecraft:inventory_changed","conditions":{"items":[{"items":["minecraft:cracked_deepslate_tiles"]}]}}

		},"requirements":[

["minecraft:deepslate_bricks"],
["minecraft:deepslate_tiles"],
["minecraft:cracked_deepslate_bricks"],
["minecraft:cracked_deepslate_tiles"]
		]}
