		{"parent":
"all_item:stone/stone/deepslate/_family",
		"display":{"icon":{"item":
"minecraft:deepslate"
		},"title":
"深板岩属",
		"description":"","frame":"task","show_toast":true,"announce_to_chat":true,
		"hidden":false},"criteria":{

"minecraft:deepslate":{"trigger":"minecraft:inventory_changed","conditions":{"items":[{"items":["minecraft:deepslate"]}]}},
"minecraft:chiseled_deepslate":{"trigger":"minecraft:inventory_changed","conditions":{"items":[{"items":["minecraft:chiseled_deepslate"]}]}},
"minecraft:polished_deepslate":{"trigger":"minecraft:inventory_changed","conditions":{"items":[{"items":["minecraft:polished_deepslate"]}]}}

		},"requirements":[

["minecraft:deepslate"],
["minecraft:chiseled_deepslate"],
["minecraft:polished_deepslate"]
		]}
