		{"parent":
"all_item:work/craft/wood/_family",
		"display":{"icon":{"item":
"minecraft:birch_planks"
		},"title":
"木板属",
		"description":"","frame":"task","show_toast":true,"announce_to_chat":true,
		"hidden":false},"criteria":{

"minecraft:birch_planks":{"trigger":"minecraft:inventory_changed","conditions":{"items":[{"items":["minecraft:birch_planks"]}]}},
"minecraft:dark_oak_planks":{"trigger":"minecraft:inventory_changed","conditions":{"items":[{"items":["minecraft:dark_oak_planks"]}]}},
"minecraft:jungle_planks":{"trigger":"minecraft:inventory_changed","conditions":{"items":[{"items":["minecraft:jungle_planks"]}]}},
"minecraft:oak_planks":{"trigger":"minecraft:inventory_changed","conditions":{"items":[{"items":["minecraft:oak_planks"]}]}},
"minecraft:spruce_planks":{"trigger":"minecraft:inventory_changed","conditions":{"items":[{"items":["minecraft:spruce_planks"]}]}},
"minecraft:mangrove_planks":{"trigger":"minecraft:inventory_changed","conditions":{"items":[{"items":["minecraft:mangrove_planks"]}]}},
"minecraft:acacia_planks":{"trigger":"minecraft:inventory_changed","conditions":{"items":[{"items":["minecraft:acacia_planks"]}]}},
"minecraft:crimson_planks":{"trigger":"minecraft:inventory_changed","conditions":{"items":[{"items":["minecraft:crimson_planks"]}]}},
"minecraft:warped_planks":{"trigger":"minecraft:inventory_changed","conditions":{"items":[{"items":["minecraft:warped_planks"]}]}}

		},"requirements":[

["minecraft:birch_planks"],
["minecraft:dark_oak_planks"],
["minecraft:jungle_planks"],
["minecraft:oak_planks"],
["minecraft:spruce_planks"],
["minecraft:mangrove_planks"],
["minecraft:acacia_planks"],
["minecraft:crimson_planks"],
["minecraft:warped_planks"]
		]}
