		{"parent":
"all_item:work/craft/wood/_family",
		"display":{"icon":{"item":
"minecraft:birch_wood"
		},"title":
"木头属",
		"description":"","frame":"task","show_toast":true,"announce_to_chat":true,
		"hidden":false},"criteria":{

"minecraft:birch_wood":{"trigger":"minecraft:inventory_changed","conditions":{"items":[{"items":["minecraft:birch_wood"]}]}},
"minecraft:dark_oak_wood":{"trigger":"minecraft:inventory_changed","conditions":{"items":[{"items":["minecraft:dark_oak_wood"]}]}},
"minecraft:jungle_wood":{"trigger":"minecraft:inventory_changed","conditions":{"items":[{"items":["minecraft:jungle_wood"]}]}},
"minecraft:oak_wood":{"trigger":"minecraft:inventory_changed","conditions":{"items":[{"items":["minecraft:oak_wood"]}]}},
"minecraft:spruce_wood":{"trigger":"minecraft:inventory_changed","conditions":{"items":[{"items":["minecraft:spruce_wood"]}]}},
"minecraft:mangrove_wood":{"trigger":"minecraft:inventory_changed","conditions":{"items":[{"items":["minecraft:mangrove_wood"]}]}},
"minecraft:acacia_wood":{"trigger":"minecraft:inventory_changed","conditions":{"items":[{"items":["minecraft:acacia_wood"]}]}},
"minecraft:crimson_hyphae":{"trigger":"minecraft:inventory_changed","conditions":{"items":[{"items":["minecraft:crimson_hyphae"]}]}},
"minecraft:warped_hyphae":{"trigger":"minecraft:inventory_changed","conditions":{"items":[{"items":["minecraft:warped_hyphae"]}]}},
"minecraft:stripped_acacia_wood":{"trigger":"minecraft:inventory_changed","conditions":{"items":[{"items":["minecraft:stripped_acacia_wood"]}]}},
"minecraft:stripped_jungle_wood":{"trigger":"minecraft:inventory_changed","conditions":{"items":[{"items":["minecraft:stripped_jungle_wood"]}]}},
"minecraft:stripped_oak_wood":{"trigger":"minecraft:inventory_changed","conditions":{"items":[{"items":["minecraft:stripped_oak_wood"]}]}},
"minecraft:stripped_dark_oak_wood":{"trigger":"minecraft:inventory_changed","conditions":{"items":[{"items":["minecraft:stripped_dark_oak_wood"]}]}},
"minecraft:stripped_birch_wood":{"trigger":"minecraft:inventory_changed","conditions":{"items":[{"items":["minecraft:stripped_birch_wood"]}]}},
"minecraft:stripped_spruce_wood":{"trigger":"minecraft:inventory_changed","conditions":{"items":[{"items":["minecraft:stripped_spruce_wood"]}]}},
"minecraft:stripped_mangrove_wood":{"trigger":"minecraft:inventory_changed","conditions":{"items":[{"items":["minecraft:stripped_mangrove_wood"]}]}},
"minecraft:stripped_warped_hyphae":{"trigger":"minecraft:inventory_changed","conditions":{"items":[{"items":["minecraft:stripped_warped_hyphae"]}]}},
"minecraft:stripped_crimson_hyphae":{"trigger":"minecraft:inventory_changed","conditions":{"items":[{"items":["minecraft:stripped_crimson_hyphae"]}]}}

		},"requirements":[

["minecraft:birch_wood"],
["minecraft:dark_oak_wood"],
["minecraft:jungle_wood"],
["minecraft:oak_wood"],
["minecraft:spruce_wood"],
["minecraft:mangrove_wood"],
["minecraft:acacia_wood"],
["minecraft:crimson_hyphae"],
["minecraft:warped_hyphae"],
["minecraft:stripped_acacia_wood"],
["minecraft:stripped_jungle_wood"],
["minecraft:stripped_oak_wood"],
["minecraft:stripped_dark_oak_wood"],
["minecraft:stripped_birch_wood"],
["minecraft:stripped_spruce_wood"],
["minecraft:stripped_mangrove_wood"],
["minecraft:stripped_warped_hyphae"],
["minecraft:stripped_crimson_hyphae"]
		]}
