		{"parent":
"all_item:work/craft/wood/_family",
		"display":{"icon":{"item":
"minecraft:birch_log"
		},"title":
"原木属",
		"description":"","frame":"task","show_toast":true,"announce_to_chat":true,
		"hidden":false},"criteria":{

"minecraft:birch_log":{"trigger":"minecraft:inventory_changed","conditions":{"items":[{"items":["minecraft:birch_log"]}]}},
"minecraft:dark_oak_log":{"trigger":"minecraft:inventory_changed","conditions":{"items":[{"items":["minecraft:dark_oak_log"]}]}},
"minecraft:jungle_log":{"trigger":"minecraft:inventory_changed","conditions":{"items":[{"items":["minecraft:jungle_log"]}]}},
"minecraft:oak_log":{"trigger":"minecraft:inventory_changed","conditions":{"items":[{"items":["minecraft:oak_log"]}]}},
"minecraft:spruce_log":{"trigger":"minecraft:inventory_changed","conditions":{"items":[{"items":["minecraft:spruce_log"]}]}},
"minecraft:mangrove_log":{"trigger":"minecraft:inventory_changed","conditions":{"items":[{"items":["minecraft:mangrove_log"]}]}},
"minecraft:acacia_log":{"trigger":"minecraft:inventory_changed","conditions":{"items":[{"items":["minecraft:acacia_log"]}]}},
"minecraft:crimson_stem":{"trigger":"minecraft:inventory_changed","conditions":{"items":[{"items":["minecraft:crimson_stem"]}]}},
"minecraft:warped_stem":{"trigger":"minecraft:inventory_changed","conditions":{"items":[{"items":["minecraft:warped_stem"]}]}},
"minecraft:stripped_acacia_log":{"trigger":"minecraft:inventory_changed","conditions":{"items":[{"items":["minecraft:stripped_acacia_log"]}]}},
"minecraft:stripped_birch_log":{"trigger":"minecraft:inventory_changed","conditions":{"items":[{"items":["minecraft:stripped_birch_log"]}]}},
"minecraft:stripped_dark_oak_log":{"trigger":"minecraft:inventory_changed","conditions":{"items":[{"items":["minecraft:stripped_dark_oak_log"]}]}},
"minecraft:stripped_oak_log":{"trigger":"minecraft:inventory_changed","conditions":{"items":[{"items":["minecraft:stripped_oak_log"]}]}},
"minecraft:stripped_spruce_log":{"trigger":"minecraft:inventory_changed","conditions":{"items":[{"items":["minecraft:stripped_spruce_log"]}]}},
"minecraft:stripped_jungle_log":{"trigger":"minecraft:inventory_changed","conditions":{"items":[{"items":["minecraft:stripped_jungle_log"]}]}},
"minecraft:stripped_mangrove_log":{"trigger":"minecraft:inventory_changed","conditions":{"items":[{"items":["minecraft:stripped_mangrove_log"]}]}},
"minecraft:stripped_crimson_stem":{"trigger":"minecraft:inventory_changed","conditions":{"items":[{"items":["minecraft:stripped_crimson_stem"]}]}},
"minecraft:stripped_warped_stem":{"trigger":"minecraft:inventory_changed","conditions":{"items":[{"items":["minecraft:stripped_warped_stem"]}]}}

		},"requirements":[

["minecraft:birch_log"],
["minecraft:dark_oak_log"],
["minecraft:jungle_log"],
["minecraft:oak_log"],
["minecraft:spruce_log"],
["minecraft:mangrove_log"],
["minecraft:acacia_log"],
["minecraft:crimson_stem"],
["minecraft:warped_stem"],
["minecraft:stripped_acacia_log"],
["minecraft:stripped_birch_log"],
["minecraft:stripped_dark_oak_log"],
["minecraft:stripped_oak_log"],
["minecraft:stripped_spruce_log"],
["minecraft:stripped_jungle_log"],
["minecraft:stripped_mangrove_log"],
["minecraft:stripped_crimson_stem"],
["minecraft:stripped_warped_stem"]
		]}
