		{"parent":
"all_item:life/mob/root",
		"display":{"icon":{"item":
"minecraft:bone"
		},"title":
"骨科",
		"description":"","frame":"task","show_toast":true,"announce_to_chat":true,
		"hidden":false},"criteria":{

"minecraft:bone":{"trigger":"minecraft:inventory_changed","conditions":{"items":[{"items":["minecraft:bone"]}]}},
"minecraft:bone_meal":{"trigger":"minecraft:inventory_changed","conditions":{"items":[{"items":["minecraft:bone_meal"]}]}},
"minecraft:bone_block":{"trigger":"minecraft:inventory_changed","conditions":{"items":[{"items":["minecraft:bone_block"]}]}}

		},"requirements":[

["minecraft:bone",
"minecraft:bone_meal",
"minecraft:bone_block"]
		]}
