		{"parent":
"all_item:life/aminal/root",
		"display":{"icon":{"item":
"minecraft:brain_coral"
		},"title":
"珊瑚科",
		"description":"","frame":"task","show_toast":true,"announce_to_chat":true,
		"hidden":false},"criteria":{

"minecraft:brain_coral":{"trigger":"minecraft:inventory_changed","conditions":{"items":[{"items":["minecraft:brain_coral"]}]}},
"minecraft:fire_coral":{"trigger":"minecraft:inventory_changed","conditions":{"items":[{"items":["minecraft:fire_coral"]}]}},
"minecraft:horn_coral":{"trigger":"minecraft:inventory_changed","conditions":{"items":[{"items":["minecraft:horn_coral"]}]}},
"minecraft:tube_coral":{"trigger":"minecraft:inventory_changed","conditions":{"items":[{"items":["minecraft:tube_coral"]}]}},
"minecraft:bubble_coral":{"trigger":"minecraft:inventory_changed","conditions":{"items":[{"items":["minecraft:bubble_coral"]}]}},
"minecraft:dead_bubble_coral":{"trigger":"minecraft:inventory_changed","conditions":{"items":[{"items":["minecraft:dead_bubble_coral"]}]}},
"minecraft:dead_brain_coral":{"trigger":"minecraft:inventory_changed","conditions":{"items":[{"items":["minecraft:dead_brain_coral"]}]}},
"minecraft:dead_fire_coral":{"trigger":"minecraft:inventory_changed","conditions":{"items":[{"items":["minecraft:dead_fire_coral"]}]}},
"minecraft:dead_horn_coral":{"trigger":"minecraft:inventory_changed","conditions":{"items":[{"items":["minecraft:dead_horn_coral"]}]}},
"minecraft:dead_tube_coral":{"trigger":"minecraft:inventory_changed","conditions":{"items":[{"items":["minecraft:dead_tube_coral"]}]}},
"minecraft:brain_coral_block":{"trigger":"minecraft:inventory_changed","conditions":{"items":[{"items":["minecraft:brain_coral_block"]}]}},
"minecraft:fire_coral_block":{"trigger":"minecraft:inventory_changed","conditions":{"items":[{"items":["minecraft:fire_coral_block"]}]}},
"minecraft:horn_coral_block":{"trigger":"minecraft:inventory_changed","conditions":{"items":[{"items":["minecraft:horn_coral_block"]}]}},
"minecraft:bubble_coral_block":{"trigger":"minecraft:inventory_changed","conditions":{"items":[{"items":["minecraft:bubble_coral_block"]}]}},
"minecraft:tube_coral_block":{"trigger":"minecraft:inventory_changed","conditions":{"items":[{"items":["minecraft:tube_coral_block"]}]}},
"minecraft:dead_bubble_coral_block":{"trigger":"minecraft:inventory_changed","conditions":{"items":[{"items":["minecraft:dead_bubble_coral_block"]}]}},
"minecraft:dead_fire_coral_block":{"trigger":"minecraft:inventory_changed","conditions":{"items":[{"items":["minecraft:dead_fire_coral_block"]}]}},
"minecraft:dead_tube_coral_block":{"trigger":"minecraft:inventory_changed","conditions":{"items":[{"items":["minecraft:dead_tube_coral_block"]}]}},
"minecraft:dead_horn_coral_block":{"trigger":"minecraft:inventory_changed","conditions":{"items":[{"items":["minecraft:dead_horn_coral_block"]}]}},
"minecraft:dead_brain_coral_block":{"trigger":"minecraft:inventory_changed","conditions":{"items":[{"items":["minecraft:dead_brain_coral_block"]}]}},
"minecraft:brain_coral_fan":{"trigger":"minecraft:inventory_changed","conditions":{"items":[{"items":["minecraft:brain_coral_fan"]}]}},
"minecraft:bubble_coral_fan":{"trigger":"minecraft:inventory_changed","conditions":{"items":[{"items":["minecraft:bubble_coral_fan"]}]}},
"minecraft:fire_coral_fan":{"trigger":"minecraft:inventory_changed","conditions":{"items":[{"items":["minecraft:fire_coral_fan"]}]}},
"minecraft:horn_coral_fan":{"trigger":"minecraft:inventory_changed","conditions":{"items":[{"items":["minecraft:horn_coral_fan"]}]}},
"minecraft:tube_coral_fan":{"trigger":"minecraft:inventory_changed","conditions":{"items":[{"items":["minecraft:tube_coral_fan"]}]}},
"minecraft:dead_fire_coral_fan":{"trigger":"minecraft:inventory_changed","conditions":{"items":[{"items":["minecraft:dead_fire_coral_fan"]}]}},
"minecraft:dead_bubble_coral_fan":{"trigger":"minecraft:inventory_changed","conditions":{"items":[{"items":["minecraft:dead_bubble_coral_fan"]}]}},
"minecraft:dead_horn_coral_fan":{"trigger":"minecraft:inventory_changed","conditions":{"items":[{"items":["minecraft:dead_horn_coral_fan"]}]}},
"minecraft:dead_brain_coral_fan":{"trigger":"minecraft:inventory_changed","conditions":{"items":[{"items":["minecraft:dead_brain_coral_fan"]}]}},
"minecraft:dead_tube_coral_fan":{"trigger":"minecraft:inventory_changed","conditions":{"items":[{"items":["minecraft:dead_tube_coral_fan"]}]}}

		},"requirements":[

["minecraft:brain_coral",
"minecraft:fire_coral",
"minecraft:horn_coral",
"minecraft:tube_coral",
"minecraft:bubble_coral",
"minecraft:dead_bubble_coral",
"minecraft:dead_brain_coral",
"minecraft:dead_fire_coral",
"minecraft:dead_horn_coral",
"minecraft:dead_tube_coral",
"minecraft:brain_coral_block",
"minecraft:fire_coral_block",
"minecraft:horn_coral_block",
"minecraft:bubble_coral_block",
"minecraft:tube_coral_block",
"minecraft:dead_bubble_coral_block",
"minecraft:dead_fire_coral_block",
"minecraft:dead_tube_coral_block",
"minecraft:dead_horn_coral_block",
"minecraft:dead_brain_coral_block",
"minecraft:brain_coral_fan",
"minecraft:bubble_coral_fan",
"minecraft:fire_coral_fan",
"minecraft:horn_coral_fan",
"minecraft:tube_coral_fan",
"minecraft:dead_fire_coral_fan",
"minecraft:dead_bubble_coral_fan",
"minecraft:dead_horn_coral_fan",
"minecraft:dead_brain_coral_fan",
"minecraft:dead_tube_coral_fan"]
		]}
