		{"parent":
"all_item:life/aminal/coral/_family",
		"display":{"icon":{"item":
"minecraft:brain_coral"
		},"title":
"珊瑚属",
		"description":"","frame":"task","show_toast":true,"announce_to_chat":true,
		"hidden":false},"criteria":{

"minecraft:brain_coral":{"trigger":"minecraft:inventory_changed","conditions":{"items":[{"items":["minecraft:brain_coral"]}]}},
"minecraft:fire_coral":{"trigger":"minecraft:inventory_changed","conditions":{"items":[{"items":["minecraft:fire_coral"]}]}},
"minecraft:horn_coral":{"trigger":"minecraft:inventory_changed","conditions":{"items":[{"items":["minecraft:horn_coral"]}]}},
"minecraft:tube_coral":{"trigger":"minecraft:inventory_changed","conditions":{"items":[{"items":["minecraft:tube_coral"]}]}},
"minecraft:bubble_coral":{"trigger":"minecraft:inventory_changed","conditions":{"items":[{"items":["minecraft:bubble_coral"]}]}},
"minecraft:dead_bubble_coral":{"trigger":"minecraft:inventory_changed","conditions":{"items":[{"items":["minecraft:dead_bubble_coral"]}]}},
"minecraft:dead_brain_coral":{"trigger":"minecraft:inventory_changed","conditions":{"items":[{"items":["minecraft:dead_brain_coral"]}]}},
"minecraft:dead_fire_coral":{"trigger":"minecraft:inventory_changed","conditions":{"items":[{"items":["minecraft:dead_fire_coral"]}]}},
"minecraft:dead_horn_coral":{"trigger":"minecraft:inventory_changed","conditions":{"items":[{"items":["minecraft:dead_horn_coral"]}]}},
"minecraft:dead_tube_coral":{"trigger":"minecraft:inventory_changed","conditions":{"items":[{"items":["minecraft:dead_tube_coral"]}]}}

		},"requirements":[

["minecraft:brain_coral"],
["minecraft:fire_coral"],
["minecraft:horn_coral"],
["minecraft:tube_coral"],
["minecraft:bubble_coral"],
["minecraft:dead_bubble_coral"],
["minecraft:dead_brain_coral"],
["minecraft:dead_fire_coral"],
["minecraft:dead_horn_coral"],
["minecraft:dead_tube_coral"]
		]}
