		{"parent":
"all_item:life/aminal/coral/_family",
		"display":{"icon":{"item":
"minecraft:brain_coral_fan"
		},"title":
"珊瑚扇属",
		"description":"","frame":"task","show_toast":true,"announce_to_chat":true,
		"hidden":false},"criteria":{

"minecraft:brain_coral_fan":{"trigger":"minecraft:inventory_changed","conditions":{"items":[{"items":["minecraft:brain_coral_fan"]}]}},
"minecraft:bubble_coral_fan":{"trigger":"minecraft:inventory_changed","conditions":{"items":[{"items":["minecraft:bubble_coral_fan"]}]}},
"minecraft:fire_coral_fan":{"trigger":"minecraft:inventory_changed","conditions":{"items":[{"items":["minecraft:fire_coral_fan"]}]}},
"minecraft:horn_coral_fan":{"trigger":"minecraft:inventory_changed","conditions":{"items":[{"items":["minecraft:horn_coral_fan"]}]}},
"minecraft:tube_coral_fan":{"trigger":"minecraft:inventory_changed","conditions":{"items":[{"items":["minecraft:tube_coral_fan"]}]}},
"minecraft:dead_fire_coral_fan":{"trigger":"minecraft:inventory_changed","conditions":{"items":[{"items":["minecraft:dead_fire_coral_fan"]}]}},
"minecraft:dead_bubble_coral_fan":{"trigger":"minecraft:inventory_changed","conditions":{"items":[{"items":["minecraft:dead_bubble_coral_fan"]}]}},
"minecraft:dead_horn_coral_fan":{"trigger":"minecraft:inventory_changed","conditions":{"items":[{"items":["minecraft:dead_horn_coral_fan"]}]}},
"minecraft:dead_brain_coral_fan":{"trigger":"minecraft:inventory_changed","conditions":{"items":[{"items":["minecraft:dead_brain_coral_fan"]}]}},
"minecraft:dead_tube_coral_fan":{"trigger":"minecraft:inventory_changed","conditions":{"items":[{"items":["minecraft:dead_tube_coral_fan"]}]}}

		},"requirements":[

["minecraft:brain_coral_fan"],
["minecraft:bubble_coral_fan"],
["minecraft:fire_coral_fan"],
["minecraft:horn_coral_fan"],
["minecraft:tube_coral_fan"],
["minecraft:dead_fire_coral_fan"],
["minecraft:dead_bubble_coral_fan"],
["minecraft:dead_horn_coral_fan"],
["minecraft:dead_brain_coral_fan"],
["minecraft:dead_tube_coral_fan"]
		]}
