		{"parent":
"all_item:arm/tool/root",
		"display":{"icon":{"item":
"minecraft:bucket"
		},"title":
"普通工具科",
		"description":"","frame":"task","show_toast":true,"announce_to_chat":true,
		"hidden":false},"criteria":{

"minecraft:bucket":{"trigger":"minecraft:inventory_changed","conditions":{"items":[{"items":["minecraft:bucket"]}]}},
"minecraft:water_bucket":{"trigger":"minecraft:inventory_changed","conditions":{"items":[{"items":["minecraft:water_bucket"]}]}},
"minecraft:lava_bucket":{"trigger":"minecraft:inventory_changed","conditions":{"items":[{"items":["minecraft:lava_bucket"]}]}},
"minecraft:milk_bucket":{"trigger":"minecraft:inventory_changed","conditions":{"items":[{"items":["minecraft:milk_bucket"]}]}},
"minecraft:powder_snow_bucket":{"trigger":"minecraft:inventory_changed","conditions":{"items":[{"items":["minecraft:powder_snow_bucket"]}]}},
"minecraft:salmon_bucket":{"trigger":"minecraft:inventory_changed","conditions":{"items":[{"items":["minecraft:salmon_bucket"]}]}},
"minecraft:cod_bucket":{"trigger":"minecraft:inventory_changed","conditions":{"items":[{"items":["minecraft:cod_bucket"]}]}},
"minecraft:pufferfish_bucket":{"trigger":"minecraft:inventory_changed","conditions":{"items":[{"items":["minecraft:pufferfish_bucket"]}]}},
"minecraft:tropical_fish_bucket":{"trigger":"minecraft:inventory_changed","conditions":{"items":[{"items":["minecraft:tropical_fish_bucket"]}]}},
"minecraft:axolotl_bucket":{"trigger":"minecraft:inventory_changed","conditions":{"items":[{"items":["minecraft:axolotl_bucket"]}]}},
"minecraft:tadpole_bucket":{"trigger":"minecraft:inventory_changed","conditions":{"items":[{"items":["minecraft:tadpole_bucket"]}]}},
"minecraft:shears":{"trigger":"minecraft:inventory_changed","conditions":{"items":[{"items":["minecraft:shears"]}]}},
"minecraft:flint_and_steel":{"trigger":"minecraft:inventory_changed","conditions":{"items":[{"items":["minecraft:flint_and_steel"]}]}},
"minecraft:spyglass":{"trigger":"minecraft:inventory_changed","conditions":{"items":[{"items":["minecraft:spyglass"]}]}},
"minecraft:lead":{"trigger":"minecraft:inventory_changed","conditions":{"items":[{"items":["minecraft:lead"]}]}}

		},"requirements":[

["minecraft:bucket",
"minecraft:water_bucket",
"minecraft:lava_bucket",
"minecraft:milk_bucket",
"minecraft:powder_snow_bucket",
"minecraft:salmon_bucket",
"minecraft:cod_bucket",
"minecraft:pufferfish_bucket",
"minecraft:tropical_fish_bucket",
"minecraft:axolotl_bucket",
"minecraft:tadpole_bucket",
"minecraft:shears",
"minecraft:flint_and_steel",
"minecraft:spyglass",
"minecraft:lead"]
		]}
