		{"parent":
"all_item:arm/tool/normal/_family",
		"display":{"icon":{"item":
"minecraft:salmon_bucket"
		},"title":
"生物桶属",
		"description":"","frame":"task","show_toast":true,"announce_to_chat":true,
		"hidden":false},"criteria":{

"minecraft:salmon_bucket":{"trigger":"minecraft:inventory_changed","conditions":{"items":[{"items":["minecraft:salmon_bucket"]}]}},
"minecraft:cod_bucket":{"trigger":"minecraft:inventory_changed","conditions":{"items":[{"items":["minecraft:cod_bucket"]}]}},
"minecraft:pufferfish_bucket":{"trigger":"minecraft:inventory_changed","conditions":{"items":[{"items":["minecraft:pufferfish_bucket"]}]}},
"minecraft:tropical_fish_bucket":{"trigger":"minecraft:inventory_changed","conditions":{"items":[{"items":["minecraft:tropical_fish_bucket"]}]}},
"minecraft:axolotl_bucket":{"trigger":"minecraft:inventory_changed","conditions":{"items":[{"items":["minecraft:axolotl_bucket"]}]}},
"minecraft:tadpole_bucket":{"trigger":"minecraft:inventory_changed","conditions":{"items":[{"items":["minecraft:tadpole_bucket"]}]}}

		},"requirements":[

["minecraft:salmon_bucket"],
["minecraft:cod_bucket"],
["minecraft:pufferfish_bucket"],
["minecraft:tropical_fish_bucket"],
["minecraft:axolotl_bucket"],
["minecraft:tadpole_bucket"]
		]}
