		{"parent":
"all_item:work/mine/root",
		"display":{"icon":{"item":
"minecraft:iron_ore"
		},"title":
"矿石科",
		"description":"","frame":"task","show_toast":true,"announce_to_chat":true,
		"hidden":false},"criteria":{

"minecraft:iron_ore":{"trigger":"minecraft:inventory_changed","conditions":{"items":[{"items":["minecraft:iron_ore"]}]}},
"minecraft:deepslate_iron_ore":{"trigger":"minecraft:inventory_changed","conditions":{"items":[{"items":["minecraft:deepslate_iron_ore"]}]}},
"minecraft:deepslate_coal_ore":{"trigger":"minecraft:inventory_changed","conditions":{"items":[{"items":["minecraft:deepslate_coal_ore"]}]}},
"minecraft:coal_ore":{"trigger":"minecraft:inventory_changed","conditions":{"items":[{"items":["minecraft:coal_ore"]}]}},
"minecraft:deepslate_copper_ore":{"trigger":"minecraft:inventory_changed","conditions":{"items":[{"items":["minecraft:deepslate_copper_ore"]}]}},
"minecraft:copper_ore":{"trigger":"minecraft:inventory_changed","conditions":{"items":[{"items":["minecraft:copper_ore"]}]}},
"minecraft:deepslate_lapis_ore":{"trigger":"minecraft:inventory_changed","conditions":{"items":[{"items":["minecraft:deepslate_lapis_ore"]}]}},
"minecraft:lapis_ore":{"trigger":"minecraft:inventory_changed","conditions":{"items":[{"items":["minecraft:lapis_ore"]}]}},
"minecraft:deepslate_gold_ore":{"trigger":"minecraft:inventory_changed","conditions":{"items":[{"items":["minecraft:deepslate_gold_ore"]}]}},
"minecraft:gold_ore":{"trigger":"minecraft:inventory_changed","conditions":{"items":[{"items":["minecraft:gold_ore"]}]}},
"minecraft:deepslate_redstone_ore":{"trigger":"minecraft:inventory_changed","conditions":{"items":[{"items":["minecraft:deepslate_redstone_ore"]}]}},
"minecraft:redstone_ore":{"trigger":"minecraft:inventory_changed","conditions":{"items":[{"items":["minecraft:redstone_ore"]}]}},
"minecraft:diamond_ore":{"trigger":"minecraft:inventory_changed","conditions":{"items":[{"items":["minecraft:diamond_ore"]}]}},
"minecraft:deepslate_diamond_ore":{"trigger":"minecraft:inventory_changed","conditions":{"items":[{"items":["minecraft:deepslate_diamond_ore"]}]}},
"minecraft:deepslate_emerald_ore":{"trigger":"minecraft:inventory_changed","conditions":{"items":[{"items":["minecraft:deepslate_emerald_ore"]}]}},
"minecraft:emerald_ore":{"trigger":"minecraft:inventory_changed","conditions":{"items":[{"items":["minecraft:emerald_ore"]}]}},
"minecraft:nether_quartz_ore":{"trigger":"minecraft:inventory_changed","conditions":{"items":[{"items":["minecraft:nether_quartz_ore"]}]}},
"minecraft:nether_gold_ore":{"trigger":"minecraft:inventory_changed","conditions":{"items":[{"items":["minecraft:nether_gold_ore"]}]}},
"minecraft:ancient_debris":{"trigger":"minecraft:inventory_changed","conditions":{"items":[{"items":["minecraft:ancient_debris"]}]}}

		},"requirements":[

["minecraft:iron_ore",
"minecraft:deepslate_iron_ore",
"minecraft:deepslate_coal_ore",
"minecraft:coal_ore",
"minecraft:deepslate_copper_ore",
"minecraft:copper_ore",
"minecraft:deepslate_lapis_ore",
"minecraft:lapis_ore",
"minecraft:deepslate_gold_ore",
"minecraft:gold_ore",
"minecraft:deepslate_redstone_ore",
"minecraft:redstone_ore",
"minecraft:diamond_ore",
"minecraft:deepslate_diamond_ore",
"minecraft:deepslate_emerald_ore",
"minecraft:emerald_ore",
"minecraft:nether_quartz_ore",
"minecraft:nether_gold_ore",
"minecraft:ancient_debris"]
		]}
