		{"parent":
"all_item:work/mine/ore/_family",
		"display":{"icon":{"item":
"minecraft:deepslate_gold_ore"
		},"title":
"金矿石属",
		"description":"","frame":"task","show_toast":true,"announce_to_chat":true,
		"hidden":false},"criteria":{

"minecraft:deepslate_gold_ore":{"trigger":"minecraft:inventory_changed","conditions":{"items":[{"items":["minecraft:deepslate_gold_ore"]}]}},
"minecraft:gold_ore":{"trigger":"minecraft:inventory_changed","conditions":{"items":[{"items":["minecraft:gold_ore"]}]}}

		},"requirements":[

["minecraft:deepslate_gold_ore"],
["minecraft:gold_ore"]
		]}
