		{"parent":
"all_item:work/mine/ore/_family",
		"display":{"icon":{"item":
"minecraft:deepslate_lapis_ore"
		},"title":
"青金石矿石属",
		"description":"","frame":"task","show_toast":true,"announce_to_chat":true,
		"hidden":false},"criteria":{

"minecraft:deepslate_lapis_ore":{"trigger":"minecraft:inventory_changed","conditions":{"items":[{"items":["minecraft:deepslate_lapis_ore"]}]}},
"minecraft:lapis_ore":{"trigger":"minecraft:inventory_changed","conditions":{"items":[{"items":["minecraft:lapis_ore"]}]}}

		},"requirements":[

["minecraft:deepslate_lapis_ore"],
["minecraft:lapis_ore"]
		]}
