		{"parent":
"all_item:work/mine/ore/_family",
		"display":{"icon":{"item":
"minecraft:deepslate_coal_ore"
		},"title":
"煤矿石属",
		"description":"","frame":"task","show_toast":true,"announce_to_chat":true,
		"hidden":false},"criteria":{

"minecraft:deepslate_coal_ore":{"trigger":"minecraft:inventory_changed","conditions":{"items":[{"items":["minecraft:deepslate_coal_ore"]}]}},
"minecraft:coal_ore":{"trigger":"minecraft:inventory_changed","conditions":{"items":[{"items":["minecraft:coal_ore"]}]}}

		},"requirements":[

["minecraft:deepslate_coal_ore"],
["minecraft:coal_ore"]
		]}
