		{"parent":
"all_item:work/mine/ore/_family",
		"display":{"icon":{"item":
"minecraft:deepslate_copper_ore"
		},"title":
"铜矿石属",
		"description":"","frame":"task","show_toast":true,"announce_to_chat":true,
		"hidden":false},"criteria":{

"minecraft:deepslate_copper_ore":{"trigger":"minecraft:inventory_changed","conditions":{"items":[{"items":["minecraft:deepslate_copper_ore"]}]}},
"minecraft:copper_ore":{"trigger":"minecraft:inventory_changed","conditions":{"items":[{"items":["minecraft:copper_ore"]}]}}

		},"requirements":[

["minecraft:deepslate_copper_ore"],
["minecraft:copper_ore"]
		]}
