		{"parent":
"all_item:work/mine/ore/_family",
		"display":{"icon":{"item":
"minecraft:deepslate_emerald_ore"
		},"title":
"绿宝石矿石属",
		"description":"","frame":"task","show_toast":true,"announce_to_chat":true,
		"hidden":false},"criteria":{

"minecraft:deepslate_emerald_ore":{"trigger":"minecraft:inventory_changed","conditions":{"items":[{"items":["minecraft:deepslate_emerald_ore"]}]}},
"minecraft:emerald_ore":{"trigger":"minecraft:inventory_changed","conditions":{"items":[{"items":["minecraft:emerald_ore"]}]}}

		},"requirements":[

["minecraft:deepslate_emerald_ore"],
["minecraft:emerald_ore"]
		]}
