		{"parent":
"all_item:work/mine/ore/_family",
		"display":{"icon":{"item":
"minecraft:deepslate_redstone_ore"
		},"title":
"红石矿石属",
		"description":"","frame":"task","show_toast":true,"announce_to_chat":true,
		"hidden":false},"criteria":{

"minecraft:deepslate_redstone_ore":{"trigger":"minecraft:inventory_changed","conditions":{"items":[{"items":["minecraft:deepslate_redstone_ore"]}]}},
"minecraft:redstone_ore":{"trigger":"minecraft:inventory_changed","conditions":{"items":[{"items":["minecraft:redstone_ore"]}]}}

		},"requirements":[

["minecraft:deepslate_redstone_ore"],
["minecraft:redstone_ore"]
		]}
