		{"parent":
"all_item:work/mine/ore/_family",
		"display":{"icon":{"item":
"minecraft:diamond_ore"
		},"title":
"钻石矿石属",
		"description":"","frame":"task","show_toast":true,"announce_to_chat":true,
		"hidden":false},"criteria":{

"minecraft:diamond_ore":{"trigger":"minecraft:inventory_changed","conditions":{"items":[{"items":["minecraft:diamond_ore"]}]}},
"minecraft:deepslate_diamond_ore":{"trigger":"minecraft:inventory_changed","conditions":{"items":[{"items":["minecraft:deepslate_diamond_ore"]}]}}

		},"requirements":[

["minecraft:diamond_ore"],
["minecraft:deepslate_diamond_ore"]
		]}
