		{"parent":
"all_item:work/mine/ore/_family",
		"display":{"icon":{"item":
"minecraft:iron_ore"
		},"title":
"铁矿石属",
		"description":"","frame":"task","show_toast":true,"announce_to_chat":true,
		"hidden":false},"criteria":{

"minecraft:iron_ore":{"trigger":"minecraft:inventory_changed","conditions":{"items":[{"items":["minecraft:iron_ore"]}]}},
"minecraft:deepslate_iron_ore":{"trigger":"minecraft:inventory_changed","conditions":{"items":[{"items":["minecraft:deepslate_iron_ore"]}]}}

		},"requirements":[

["minecraft:iron_ore"],
["minecraft:deepslate_iron_ore"]
		]}
