		{"parent":
"all_item:work/brew/root",
		"display":{"icon":{"item":
"minecraft:potion"
		},"title":
"药水科",
		"description":"","frame":"task","show_toast":true,"announce_to_chat":true,
		"hidden":false},"criteria":{

"minecraft:potion":{"trigger":"minecraft:inventory_changed","conditions":{"items":[{"items":["minecraft:potion"]}]}},
"minecraft:splash_potion":{"trigger":"minecraft:inventory_changed","conditions":{"items":[{"items":["minecraft:splash_potion"]}]}},
"minecraft:lingering_potion":{"trigger":"minecraft:inventory_changed","conditions":{"items":[{"items":["minecraft:lingering_potion"]}]}},
"minecraft:suspicious_stew":{"trigger":"minecraft:inventory_changed","conditions":{"items":[{"items":["minecraft:suspicious_stew"]}]}}

		},"requirements":[

["minecraft:potion",
"minecraft:splash_potion",
"minecraft:lingering_potion",
"minecraft:suspicious_stew"]
		]}
