		{"parent":
"all_item:arm/fight/root",
		"display":{"icon":{"item":
"minecraft:diamond_sword"
		},"title":
"武器科",
		"description":"","frame":"task","show_toast":true,"announce_to_chat":true,
		"hidden":false},"criteria":{

"minecraft:diamond_sword":{"trigger":"minecraft:inventory_changed","conditions":{"items":[{"items":["minecraft:diamond_sword"]}]}},
"minecraft:iron_sword":{"trigger":"minecraft:inventory_changed","conditions":{"items":[{"items":["minecraft:iron_sword"]}]}},
"minecraft:wooden_sword":{"trigger":"minecraft:inventory_changed","conditions":{"items":[{"items":["minecraft:wooden_sword"]}]}},
"minecraft:stone_sword":{"trigger":"minecraft:inventory_changed","conditions":{"items":[{"items":["minecraft:stone_sword"]}]}},
"minecraft:golden_sword":{"trigger":"minecraft:inventory_changed","conditions":{"items":[{"items":["minecraft:golden_sword"]}]}},
"minecraft:netherite_sword":{"trigger":"minecraft:inventory_changed","conditions":{"items":[{"items":["minecraft:netherite_sword"]}]}},
"minecraft:trident":{"trigger":"minecraft:inventory_changed","conditions":{"items":[{"items":["minecraft:trident"]}]}},
"minecraft:crossbow":{"trigger":"minecraft:inventory_changed","conditions":{"items":[{"items":["minecraft:crossbow"]}]}},
"minecraft:bow":{"trigger":"minecraft:inventory_changed","conditions":{"items":[{"items":["minecraft:bow"]}]}},
"minecraft:shield":{"trigger":"minecraft:inventory_changed","conditions":{"items":[{"items":["minecraft:shield"]}]}}

		},"requirements":[

["minecraft:diamond_sword",
"minecraft:iron_sword",
"minecraft:wooden_sword",
"minecraft:stone_sword",
"minecraft:golden_sword",
"minecraft:netherite_sword",
"minecraft:trident",
"minecraft:crossbow",
"minecraft:bow",
"minecraft:shield"]
		]}
