		{"parent":
"all_item:arm/fight/weapon/_family",
		"display":{"icon":{"item":
"minecraft:diamond_sword"
		},"title":
"剑属",
		"description":"","frame":"task","show_toast":true,"announce_to_chat":true,
		"hidden":false},"criteria":{

"minecraft:diamond_sword":{"trigger":"minecraft:inventory_changed","conditions":{"items":[{"items":["minecraft:diamond_sword"]}]}},
"minecraft:iron_sword":{"trigger":"minecraft:inventory_changed","conditions":{"items":[{"items":["minecraft:iron_sword"]}]}},
"minecraft:wooden_sword":{"trigger":"minecraft:inventory_changed","conditions":{"items":[{"items":["minecraft:wooden_sword"]}]}},
"minecraft:stone_sword":{"trigger":"minecraft:inventory_changed","conditions":{"items":[{"items":["minecraft:stone_sword"]}]}},
"minecraft:golden_sword":{"trigger":"minecraft:inventory_changed","conditions":{"items":[{"items":["minecraft:golden_sword"]}]}},
"minecraft:netherite_sword":{"trigger":"minecraft:inventory_changed","conditions":{"items":[{"items":["minecraft:netherite_sword"]}]}}

		},"requirements":[

["minecraft:diamond_sword"],
["minecraft:iron_sword"],
["minecraft:wooden_sword"],
["minecraft:stone_sword"],
["minecraft:golden_sword"],
["minecraft:netherite_sword"]
		]}
