		{"parent":
"all_item:work/mine/root",
		"display":{"icon":{"item":
"minecraft:iron_ingot"
		},"title":
"铸锭科",
		"description":"","frame":"task","show_toast":true,"announce_to_chat":true,
		"hidden":false},"criteria":{

"minecraft:iron_ingot":{"trigger":"minecraft:inventory_changed","conditions":{"items":[{"items":["minecraft:iron_ingot"]}]}},
"minecraft:coal":{"trigger":"minecraft:inventory_changed","conditions":{"items":[{"items":["minecraft:coal"]}]}},
"minecraft:charcoal":{"trigger":"minecraft:inventory_changed","conditions":{"items":[{"items":["minecraft:charcoal"]}]}},
"minecraft:copper_ingot":{"trigger":"minecraft:inventory_changed","conditions":{"items":[{"items":["minecraft:copper_ingot"]}]}},
"minecraft:gold_ingot":{"trigger":"minecraft:inventory_changed","conditions":{"items":[{"items":["minecraft:gold_ingot"]}]}},
"minecraft:diamond":{"trigger":"minecraft:inventory_changed","conditions":{"items":[{"items":["minecraft:diamond"]}]}},
"minecraft:emerald":{"trigger":"minecraft:inventory_changed","conditions":{"items":[{"items":["minecraft:emerald"]}]}},
"minecraft:lapis_lazuli":{"trigger":"minecraft:inventory_changed","conditions":{"items":[{"items":["minecraft:lapis_lazuli"]}]}},
"minecraft:quartz":{"trigger":"minecraft:inventory_changed","conditions":{"items":[{"items":["minecraft:quartz"]}]}},
"minecraft:amethyst_shard":{"trigger":"minecraft:inventory_changed","conditions":{"items":[{"items":["minecraft:amethyst_shard"]}]}},
"minecraft:netherite_ingot":{"trigger":"minecraft:inventory_changed","conditions":{"items":[{"items":["minecraft:netherite_ingot"]}]}}

		},"requirements":[

["minecraft:iron_ingot",
"minecraft:coal",
"minecraft:charcoal",
"minecraft:copper_ingot",
"minecraft:gold_ingot",
"minecraft:diamond",
"minecraft:emerald",
"minecraft:lapis_lazuli",
"minecraft:quartz",
"minecraft:amethyst_shard",
"minecraft:netherite_ingot"]
		]}
