		{"parent":
"all_item:work/mine/ingot/_family",
		"display":{"icon":{"item":
"minecraft:coal"
		},"title":
"煤炭属",
		"description":"","frame":"task","show_toast":true,"announce_to_chat":true,
		"hidden":false},"criteria":{

"minecraft:coal":{"trigger":"minecraft:inventory_changed","conditions":{"items":[{"items":["minecraft:coal"]}]}},
"minecraft:charcoal":{"trigger":"minecraft:inventory_changed","conditions":{"items":[{"items":["minecraft:charcoal"]}]}}

		},"requirements":[

["minecraft:coal"],
["minecraft:charcoal"]
		]}
