		{"display":{"icon":{"item":
"minecraft:red_mushroom"
		},"title":
"真菌目",
		"description":"","frame":"task","background":"minecraft:textures/gui/advancements/backgrounds/stone.png",
        "show_toast":true,"announce_to_chat":true,"hidden":false},"criteria":{

"minecraft:red_mushroom":{"trigger":"minecraft:inventory_changed","conditions":{"items":[{"items":["minecraft:red_mushroom"]}]}},
"minecraft:brown_mushroom":{"trigger":"minecraft:inventory_changed","conditions":{"items":[{"items":["minecraft:brown_mushroom"]}]}},
"minecraft:red_mushroom_block":{"trigger":"minecraft:inventory_changed","conditions":{"items":[{"items":["minecraft:red_mushroom_block"]}]}},
"minecraft:brown_mushroom_block":{"trigger":"minecraft:inventory_changed","conditions":{"items":[{"items":["minecraft:brown_mushroom_block"]}]}},
"minecraft:mushroom_stem":{"trigger":"minecraft:inventory_changed","conditions":{"items":[{"items":["minecraft:mushroom_stem"]}]}},
"minecraft:nether_sprouts":{"trigger":"minecraft:inventory_changed","conditions":{"items":[{"items":["minecraft:nether_sprouts"]}]}},
"minecraft:warped_roots":{"trigger":"minecraft:inventory_changed","conditions":{"items":[{"items":["minecraft:warped_roots"]}]}},
"minecraft:crimson_roots":{"trigger":"minecraft:inventory_changed","conditions":{"items":[{"items":["minecraft:crimson_roots"]}]}},
"minecraft:warped_fungus":{"trigger":"minecraft:inventory_changed","conditions":{"items":[{"items":["minecraft:warped_fungus"]}]}},
"minecraft:crimson_fungus":{"trigger":"minecraft:inventory_changed","conditions":{"items":[{"items":["minecraft:crimson_fungus"]}]}},
"minecraft:warped_wart_block":{"trigger":"minecraft:inventory_changed","conditions":{"items":[{"items":["minecraft:warped_wart_block"]}]}},
"minecraft:nether_wart_block":{"trigger":"minecraft:inventory_changed","conditions":{"items":[{"items":["minecraft:nether_wart_block"]}]}}

		},"requirements":[

["minecraft:red_mushroom",
"minecraft:brown_mushroom",
"minecraft:red_mushroom_block",
"minecraft:brown_mushroom_block",
"minecraft:mushroom_stem",
"minecraft:nether_sprouts",
"minecraft:warped_roots",
"minecraft:crimson_roots",
"minecraft:warped_fungus",
"minecraft:crimson_fungus",
"minecraft:warped_wart_block",
"minecraft:nether_wart_block"]
		]}
