		{"parent":
"all_item:stone/sand/root",
		"display":{"icon":{"item":
"minecraft:sand"
		},"title":
"沙子科",
		"description":"","frame":"task","show_toast":true,"announce_to_chat":true,
		"hidden":false},"criteria":{

"minecraft:sand":{"trigger":"minecraft:inventory_changed","conditions":{"items":[{"items":["minecraft:sand"]}]}},
"minecraft:red_sand":{"trigger":"minecraft:inventory_changed","conditions":{"items":[{"items":["minecraft:red_sand"]}]}},
"minecraft:gravel":{"trigger":"minecraft:inventory_changed","conditions":{"items":[{"items":["minecraft:gravel"]}]}}

		},"requirements":[

["minecraft:sand",
"minecraft:red_sand",
"minecraft:gravel"]
		]}
