		{"parent":
"all_item:stone/sand/sand/_family",
		"display":{"icon":{"item":
"minecraft:sand"
		},"title":
"沙子属",
		"description":"","frame":"task","show_toast":true,"announce_to_chat":true,
		"hidden":false},"criteria":{

"minecraft:sand":{"trigger":"minecraft:inventory_changed","conditions":{"items":[{"items":["minecraft:sand"]}]}},
"minecraft:red_sand":{"trigger":"minecraft:inventory_changed","conditions":{"items":[{"items":["minecraft:red_sand"]}]}}

		},"requirements":[

["minecraft:sand"],
["minecraft:red_sand"]
		]}
