		{"parent":
"all_item:work/brew/root",
		"display":{"icon":{"item":
"minecraft:brewing_stand"
		},"title":
"器具科",
		"description":"","frame":"task","show_toast":true,"announce_to_chat":true,
		"hidden":false},"criteria":{

"minecraft:brewing_stand":{"trigger":"minecraft:inventory_changed","conditions":{"items":[{"items":["minecraft:brewing_stand"]}]}},
"minecraft:cauldron":{"trigger":"minecraft:inventory_changed","conditions":{"items":[{"items":["minecraft:cauldron"]}]}},
"minecraft:blaze_rod":{"trigger":"minecraft:inventory_changed","conditions":{"items":[{"items":["minecraft:blaze_rod"]}]}},
"minecraft:blaze_powder":{"trigger":"minecraft:inventory_changed","conditions":{"items":[{"items":["minecraft:blaze_powder"]}]}},
"minecraft:glass_bottle":{"trigger":"minecraft:inventory_changed","conditions":{"items":[{"items":["minecraft:glass_bottle"]}]}},
"minecraft:honey_bottle":{"trigger":"minecraft:inventory_changed","conditions":{"items":[{"items":["minecraft:honey_bottle"]}]}}

		},"requirements":[

["minecraft:brewing_stand",
"minecraft:cauldron",
"minecraft:blaze_rod",
"minecraft:blaze_powder",
"minecraft:glass_bottle",
"minecraft:honey_bottle"]
		]}
