		{"parent":
"all_item:work/mine/root",
		"display":{"icon":{"item":
"minecraft:raw_iron"
		},"title":
"原矿科",
		"description":"","frame":"task","show_toast":true,"announce_to_chat":true,
		"hidden":false},"criteria":{

"minecraft:raw_iron":{"trigger":"minecraft:inventory_changed","conditions":{"items":[{"items":["minecraft:raw_iron"]}]}},
"minecraft:raw_copper":{"trigger":"minecraft:inventory_changed","conditions":{"items":[{"items":["minecraft:raw_copper"]}]}},
"minecraft:raw_gold":{"trigger":"minecraft:inventory_changed","conditions":{"items":[{"items":["minecraft:raw_gold"]}]}},
"minecraft:netherite_scrap":{"trigger":"minecraft:inventory_changed","conditions":{"items":[{"items":["minecraft:netherite_scrap"]}]}},
"minecraft:gold_nugget":{"trigger":"minecraft:inventory_changed","conditions":{"items":[{"items":["minecraft:gold_nugget"]}]}},
"minecraft:iron_nugget":{"trigger":"minecraft:inventory_changed","conditions":{"items":[{"items":["minecraft:iron_nugget"]}]}},
"minecraft:raw_copper_block":{"trigger":"minecraft:inventory_changed","conditions":{"items":[{"items":["minecraft:raw_copper_block"]}]}},
"minecraft:raw_gold_block":{"trigger":"minecraft:inventory_changed","conditions":{"items":[{"items":["minecraft:raw_gold_block"]}]}},
"minecraft:raw_iron_block":{"trigger":"minecraft:inventory_changed","conditions":{"items":[{"items":["minecraft:raw_iron_block"]}]}},
"minecraft:amethyst_cluster":{"trigger":"minecraft:inventory_changed","conditions":{"items":[{"items":["minecraft:amethyst_cluster"]}]}},
"minecraft:small_amethyst_bud":{"trigger":"minecraft:inventory_changed","conditions":{"items":[{"items":["minecraft:small_amethyst_bud"]}]}},
"minecraft:medium_amethyst_bud":{"trigger":"minecraft:inventory_changed","conditions":{"items":[{"items":["minecraft:medium_amethyst_bud"]}]}},
"minecraft:large_amethyst_bud":{"trigger":"minecraft:inventory_changed","conditions":{"items":[{"items":["minecraft:large_amethyst_bud"]}]}}

		},"requirements":[

["minecraft:raw_iron",
"minecraft:raw_copper",
"minecraft:raw_gold",
"minecraft:netherite_scrap",
"minecraft:gold_nugget",
"minecraft:iron_nugget",
"minecraft:raw_copper_block",
"minecraft:raw_gold_block",
"minecraft:raw_iron_block",
"minecraft:amethyst_cluster",
"minecraft:small_amethyst_bud",
"minecraft:medium_amethyst_bud",
"minecraft:large_amethyst_bud"]
		]}
