		{"parent":
"all_item:work/mine/raw_mine/_family",
		"display":{"icon":{"item":
"minecraft:amethyst_cluster"
		},"title":
"紫水晶簇属",
		"description":"","frame":"task","show_toast":true,"announce_to_chat":true,
		"hidden":false},"criteria":{

"minecraft:amethyst_cluster":{"trigger":"minecraft:inventory_changed","conditions":{"items":[{"items":["minecraft:amethyst_cluster"]}]}},
"minecraft:small_amethyst_bud":{"trigger":"minecraft:inventory_changed","conditions":{"items":[{"items":["minecraft:small_amethyst_bud"]}]}},
"minecraft:medium_amethyst_bud":{"trigger":"minecraft:inventory_changed","conditions":{"items":[{"items":["minecraft:medium_amethyst_bud"]}]}},
"minecraft:large_amethyst_bud":{"trigger":"minecraft:inventory_changed","conditions":{"items":[{"items":["minecraft:large_amethyst_bud"]}]}}

		},"requirements":[

["minecraft:amethyst_cluster"],
["minecraft:small_amethyst_bud"],
["minecraft:medium_amethyst_bud"],
["minecraft:large_amethyst_bud"]
		]}
