		{"parent":
"all_item:all/work/_class",
		"display":{"icon":{"item":
"minecraft:leather"
		},"title":
"合成目",
		"description":"","frame":"challenge","show_toast":true,"announce_to_chat":true,
		"hidden":false},"criteria":{

"minecraft:leather":{"trigger":"minecraft:inventory_changed","conditions":{"items":[{"items":["minecraft:leather"]}]}},
"minecraft:rabbit_hide":{"trigger":"minecraft:inventory_changed","conditions":{"items":[{"items":["minecraft:rabbit_hide"]}]}},
"minecraft:ender_eye":{"trigger":"minecraft:inventory_changed","conditions":{"items":[{"items":["minecraft:ender_eye"]}]}},
"minecraft:popped_chorus_fruit":{"trigger":"minecraft:inventory_changed","conditions":{"items":[{"items":["minecraft:popped_chorus_fruit"]}]}},
"minecraft:prismarine_shard":{"trigger":"minecraft:inventory_changed","conditions":{"items":[{"items":["minecraft:prismarine_shard"]}]}},
"minecraft:prismarine_crystals":{"trigger":"minecraft:inventory_changed","conditions":{"items":[{"items":["minecraft:prismarine_crystals"]}]}},
"minecraft:feather":{"trigger":"minecraft:inventory_changed","conditions":{"items":[{"items":["minecraft:feather"]}]}},
"minecraft:flint":{"trigger":"minecraft:inventory_changed","conditions":{"items":[{"items":["minecraft:flint"]}]}},
"minecraft:ink_sac":{"trigger":"minecraft:inventory_changed","conditions":{"items":[{"items":["minecraft:ink_sac"]}]}},
"minecraft:glow_ink_sac":{"trigger":"minecraft:inventory_changed","conditions":{"items":[{"items":["minecraft:glow_ink_sac"]}]}},
"minecraft:birch_log":{"trigger":"minecraft:inventory_changed","conditions":{"items":[{"items":["minecraft:birch_log"]}]}},
"minecraft:dark_oak_log":{"trigger":"minecraft:inventory_changed","conditions":{"items":[{"items":["minecraft:dark_oak_log"]}]}},
"minecraft:jungle_log":{"trigger":"minecraft:inventory_changed","conditions":{"items":[{"items":["minecraft:jungle_log"]}]}},
"minecraft:oak_log":{"trigger":"minecraft:inventory_changed","conditions":{"items":[{"items":["minecraft:oak_log"]}]}},
"minecraft:spruce_log":{"trigger":"minecraft:inventory_changed","conditions":{"items":[{"items":["minecraft:spruce_log"]}]}},
"minecraft:mangrove_log":{"trigger":"minecraft:inventory_changed","conditions":{"items":[{"items":["minecraft:mangrove_log"]}]}},
"minecraft:acacia_log":{"trigger":"minecraft:inventory_changed","conditions":{"items":[{"items":["minecraft:acacia_log"]}]}},
"minecraft:crimson_stem":{"trigger":"minecraft:inventory_changed","conditions":{"items":[{"items":["minecraft:crimson_stem"]}]}},
"minecraft:warped_stem":{"trigger":"minecraft:inventory_changed","conditions":{"items":[{"items":["minecraft:warped_stem"]}]}},
"minecraft:stripped_acacia_log":{"trigger":"minecraft:inventory_changed","conditions":{"items":[{"items":["minecraft:stripped_acacia_log"]}]}},
"minecraft:stripped_birch_log":{"trigger":"minecraft:inventory_changed","conditions":{"items":[{"items":["minecraft:stripped_birch_log"]}]}},
"minecraft:stripped_dark_oak_log":{"trigger":"minecraft:inventory_changed","conditions":{"items":[{"items":["minecraft:stripped_dark_oak_log"]}]}},
"minecraft:stripped_oak_log":{"trigger":"minecraft:inventory_changed","conditions":{"items":[{"items":["minecraft:stripped_oak_log"]}]}},
"minecraft:stripped_spruce_log":{"trigger":"minecraft:inventory_changed","conditions":{"items":[{"items":["minecraft:stripped_spruce_log"]}]}},
"minecraft:stripped_jungle_log":{"trigger":"minecraft:inventory_changed","conditions":{"items":[{"items":["minecraft:stripped_jungle_log"]}]}},
"minecraft:stripped_mangrove_log":{"trigger":"minecraft:inventory_changed","conditions":{"items":[{"items":["minecraft:stripped_mangrove_log"]}]}},
"minecraft:stripped_crimson_stem":{"trigger":"minecraft:inventory_changed","conditions":{"items":[{"items":["minecraft:stripped_crimson_stem"]}]}},
"minecraft:stripped_warped_stem":{"trigger":"minecraft:inventory_changed","conditions":{"items":[{"items":["minecraft:stripped_warped_stem"]}]}},
"minecraft:birch_planks":{"trigger":"minecraft:inventory_changed","conditions":{"items":[{"items":["minecraft:birch_planks"]}]}},
"minecraft:dark_oak_planks":{"trigger":"minecraft:inventory_changed","conditions":{"items":[{"items":["minecraft:dark_oak_planks"]}]}},
"minecraft:jungle_planks":{"trigger":"minecraft:inventory_changed","conditions":{"items":[{"items":["minecraft:jungle_planks"]}]}},
"minecraft:oak_planks":{"trigger":"minecraft:inventory_changed","conditions":{"items":[{"items":["minecraft:oak_planks"]}]}},
"minecraft:spruce_planks":{"trigger":"minecraft:inventory_changed","conditions":{"items":[{"items":["minecraft:spruce_planks"]}]}},
"minecraft:mangrove_planks":{"trigger":"minecraft:inventory_changed","conditions":{"items":[{"items":["minecraft:mangrove_planks"]}]}},
"minecraft:acacia_planks":{"trigger":"minecraft:inventory_changed","conditions":{"items":[{"items":["minecraft:acacia_planks"]}]}},
"minecraft:crimson_planks":{"trigger":"minecraft:inventory_changed","conditions":{"items":[{"items":["minecraft:crimson_planks"]}]}},
"minecraft:warped_planks":{"trigger":"minecraft:inventory_changed","conditions":{"items":[{"items":["minecraft:warped_planks"]}]}},
"minecraft:birch_wood":{"trigger":"minecraft:inventory_changed","conditions":{"items":[{"items":["minecraft:birch_wood"]}]}},
"minecraft:dark_oak_wood":{"trigger":"minecraft:inventory_changed","conditions":{"items":[{"items":["minecraft:dark_oak_wood"]}]}},
"minecraft:jungle_wood":{"trigger":"minecraft:inventory_changed","conditions":{"items":[{"items":["minecraft:jungle_wood"]}]}},
"minecraft:oak_wood":{"trigger":"minecraft:inventory_changed","conditions":{"items":[{"items":["minecraft:oak_wood"]}]}},
"minecraft:spruce_wood":{"trigger":"minecraft:inventory_changed","conditions":{"items":[{"items":["minecraft:spruce_wood"]}]}},
"minecraft:mangrove_wood":{"trigger":"minecraft:inventory_changed","conditions":{"items":[{"items":["minecraft:mangrove_wood"]}]}},
"minecraft:acacia_wood":{"trigger":"minecraft:inventory_changed","conditions":{"items":[{"items":["minecraft:acacia_wood"]}]}},
"minecraft:crimson_hyphae":{"trigger":"minecraft:inventory_changed","conditions":{"items":[{"items":["minecraft:crimson_hyphae"]}]}},
"minecraft:warped_hyphae":{"trigger":"minecraft:inventory_changed","conditions":{"items":[{"items":["minecraft:warped_hyphae"]}]}},
"minecraft:stripped_acacia_wood":{"trigger":"minecraft:inventory_changed","conditions":{"items":[{"items":["minecraft:stripped_acacia_wood"]}]}},
"minecraft:stripped_jungle_wood":{"trigger":"minecraft:inventory_changed","conditions":{"items":[{"items":["minecraft:stripped_jungle_wood"]}]}},
"minecraft:stripped_oak_wood":{"trigger":"minecraft:inventory_changed","conditions":{"items":[{"items":["minecraft:stripped_oak_wood"]}]}},
"minecraft:stripped_dark_oak_wood":{"trigger":"minecraft:inventory_changed","conditions":{"items":[{"items":["minecraft:stripped_dark_oak_wood"]}]}},
"minecraft:stripped_birch_wood":{"trigger":"minecraft:inventory_changed","conditions":{"items":[{"items":["minecraft:stripped_birch_wood"]}]}},
"minecraft:stripped_spruce_wood":{"trigger":"minecraft:inventory_changed","conditions":{"items":[{"items":["minecraft:stripped_spruce_wood"]}]}},
"minecraft:stripped_mangrove_wood":{"trigger":"minecraft:inventory_changed","conditions":{"items":[{"items":["minecraft:stripped_mangrove_wood"]}]}},
"minecraft:stripped_warped_hyphae":{"trigger":"minecraft:inventory_changed","conditions":{"items":[{"items":["minecraft:stripped_warped_hyphae"]}]}},
"minecraft:stripped_crimson_hyphae":{"trigger":"minecraft:inventory_changed","conditions":{"items":[{"items":["minecraft:stripped_crimson_hyphae"]}]}},
"minecraft:stick":{"trigger":"minecraft:inventory_changed","conditions":{"items":[{"items":["minecraft:stick"]}]}},
"minecraft:bamboo":{"trigger":"minecraft:inventory_changed","conditions":{"items":[{"items":["minecraft:bamboo"]}]}}

		},"requirements":[

["minecraft:leather"],
["minecraft:rabbit_hide"],
["minecraft:ender_eye"],
["minecraft:popped_chorus_fruit"],
["minecraft:prismarine_shard"],
["minecraft:prismarine_crystals"],
["minecraft:feather"],
["minecraft:flint"],
["minecraft:ink_sac"],
["minecraft:glow_ink_sac"],
["minecraft:birch_log"],
["minecraft:dark_oak_log"],
["minecraft:jungle_log"],
["minecraft:oak_log"],
["minecraft:spruce_log"],
["minecraft:mangrove_log"],
["minecraft:acacia_log"],
["minecraft:crimson_stem"],
["minecraft:warped_stem"],
["minecraft:stripped_acacia_log"],
["minecraft:stripped_birch_log"],
["minecraft:stripped_dark_oak_log"],
["minecraft:stripped_oak_log"],
["minecraft:stripped_spruce_log"],
["minecraft:stripped_jungle_log"],
["minecraft:stripped_mangrove_log"],
["minecraft:stripped_crimson_stem"],
["minecraft:stripped_warped_stem"],
["minecraft:birch_planks"],
["minecraft:dark_oak_planks"],
["minecraft:jungle_planks"],
["minecraft:oak_planks"],
["minecraft:spruce_planks"],
["minecraft:mangrove_planks"],
["minecraft:acacia_planks"],
["minecraft:crimson_planks"],
["minecraft:warped_planks"],
["minecraft:birch_wood"],
["minecraft:dark_oak_wood"],
["minecraft:jungle_wood"],
["minecraft:oak_wood"],
["minecraft:spruce_wood"],
["minecraft:mangrove_wood"],
["minecraft:acacia_wood"],
["minecraft:crimson_hyphae"],
["minecraft:warped_hyphae"],
["minecraft:stripped_acacia_wood"],
["minecraft:stripped_jungle_wood"],
["minecraft:stripped_oak_wood"],
["minecraft:stripped_dark_oak_wood"],
["minecraft:stripped_birch_wood"],
["minecraft:stripped_spruce_wood"],
["minecraft:stripped_mangrove_wood"],
["minecraft:stripped_warped_hyphae"],
["minecraft:stripped_crimson_hyphae"],
["minecraft:stick"],
["minecraft:bamboo"]
		]}
