		{"parent":
"all_item:all/work/_class",
		"display":{"icon":{"item":
"minecraft:light_blue_dye"
		},"title":
"染色目",
		"description":"","frame":"challenge","show_toast":true,"announce_to_chat":true,
		"hidden":false},"criteria":{

"minecraft:light_blue_dye":{"trigger":"minecraft:inventory_changed","conditions":{"items":[{"items":["minecraft:light_blue_dye"]}]}},
"minecraft:red_dye":{"trigger":"minecraft:inventory_changed","conditions":{"items":[{"items":["minecraft:red_dye"]}]}},
"minecraft:green_dye":{"trigger":"minecraft:inventory_changed","conditions":{"items":[{"items":["minecraft:green_dye"]}]}},
"minecraft:blue_dye":{"trigger":"minecraft:inventory_changed","conditions":{"items":[{"items":["minecraft:blue_dye"]}]}},
"minecraft:yellow_dye":{"trigger":"minecraft:inventory_changed","conditions":{"items":[{"items":["minecraft:yellow_dye"]}]}},
"minecraft:black_dye":{"trigger":"minecraft:inventory_changed","conditions":{"items":[{"items":["minecraft:black_dye"]}]}},
"minecraft:white_dye":{"trigger":"minecraft:inventory_changed","conditions":{"items":[{"items":["minecraft:white_dye"]}]}},
"minecraft:brown_dye":{"trigger":"minecraft:inventory_changed","conditions":{"items":[{"items":["minecraft:brown_dye"]}]}},
"minecraft:cyan_dye":{"trigger":"minecraft:inventory_changed","conditions":{"items":[{"items":["minecraft:cyan_dye"]}]}},
"minecraft:light_gray_dye":{"trigger":"minecraft:inventory_changed","conditions":{"items":[{"items":["minecraft:light_gray_dye"]}]}},
"minecraft:pink_dye":{"trigger":"minecraft:inventory_changed","conditions":{"items":[{"items":["minecraft:pink_dye"]}]}},
"minecraft:lime_dye":{"trigger":"minecraft:inventory_changed","conditions":{"items":[{"items":["minecraft:lime_dye"]}]}},
"minecraft:magenta_dye":{"trigger":"minecraft:inventory_changed","conditions":{"items":[{"items":["minecraft:magenta_dye"]}]}},
"minecraft:orange_dye":{"trigger":"minecraft:inventory_changed","conditions":{"items":[{"items":["minecraft:orange_dye"]}]}},
"minecraft:purple_dye":{"trigger":"minecraft:inventory_changed","conditions":{"items":[{"items":["minecraft:purple_dye"]}]}},
"minecraft:gray_dye":{"trigger":"minecraft:inventory_changed","conditions":{"items":[{"items":["minecraft:gray_dye"]}]}},
"minecraft:light_blue_wool":{"trigger":"minecraft:inventory_changed","conditions":{"items":[{"items":["minecraft:light_blue_wool"]}]}},
"minecraft:black_wool":{"trigger":"minecraft:inventory_changed","conditions":{"items":[{"items":["minecraft:black_wool"]}]}},
"minecraft:blue_wool":{"trigger":"minecraft:inventory_changed","conditions":{"items":[{"items":["minecraft:blue_wool"]}]}},
"minecraft:cyan_wool":{"trigger":"minecraft:inventory_changed","conditions":{"items":[{"items":["minecraft:cyan_wool"]}]}},
"minecraft:light_gray_wool":{"trigger":"minecraft:inventory_changed","conditions":{"items":[{"items":["minecraft:light_gray_wool"]}]}},
"minecraft:lime_wool":{"trigger":"minecraft:inventory_changed","conditions":{"items":[{"items":["minecraft:lime_wool"]}]}},
"minecraft:pink_wool":{"trigger":"minecraft:inventory_changed","conditions":{"items":[{"items":["minecraft:pink_wool"]}]}},
"minecraft:magenta_wool":{"trigger":"minecraft:inventory_changed","conditions":{"items":[{"items":["minecraft:magenta_wool"]}]}},
"minecraft:purple_wool":{"trigger":"minecraft:inventory_changed","conditions":{"items":[{"items":["minecraft:purple_wool"]}]}},
"minecraft:green_wool":{"trigger":"minecraft:inventory_changed","conditions":{"items":[{"items":["minecraft:green_wool"]}]}},
"minecraft:gray_wool":{"trigger":"minecraft:inventory_changed","conditions":{"items":[{"items":["minecraft:gray_wool"]}]}},
"minecraft:red_wool":{"trigger":"minecraft:inventory_changed","conditions":{"items":[{"items":["minecraft:red_wool"]}]}},
"minecraft:brown_wool":{"trigger":"minecraft:inventory_changed","conditions":{"items":[{"items":["minecraft:brown_wool"]}]}},
"minecraft:orange_wool":{"trigger":"minecraft:inventory_changed","conditions":{"items":[{"items":["minecraft:orange_wool"]}]}},
"minecraft:white_wool":{"trigger":"minecraft:inventory_changed","conditions":{"items":[{"items":["minecraft:white_wool"]}]}},
"minecraft:yellow_wool":{"trigger":"minecraft:inventory_changed","conditions":{"items":[{"items":["minecraft:yellow_wool"]}]}},
"minecraft:moss_carpet":{"trigger":"minecraft:inventory_changed","conditions":{"items":[{"items":["minecraft:moss_carpet"]}]}},
"minecraft:light_blue_carpet":{"trigger":"minecraft:inventory_changed","conditions":{"items":[{"items":["minecraft:light_blue_carpet"]}]}},
"minecraft:black_carpet":{"trigger":"minecraft:inventory_changed","conditions":{"items":[{"items":["minecraft:black_carpet"]}]}},
"minecraft:blue_carpet":{"trigger":"minecraft:inventory_changed","conditions":{"items":[{"items":["minecraft:blue_carpet"]}]}},
"minecraft:brown_carpet":{"trigger":"minecraft:inventory_changed","conditions":{"items":[{"items":["minecraft:brown_carpet"]}]}},
"minecraft:cyan_carpet":{"trigger":"minecraft:inventory_changed","conditions":{"items":[{"items":["minecraft:cyan_carpet"]}]}},
"minecraft:gray_carpet":{"trigger":"minecraft:inventory_changed","conditions":{"items":[{"items":["minecraft:gray_carpet"]}]}},
"minecraft:green_carpet":{"trigger":"minecraft:inventory_changed","conditions":{"items":[{"items":["minecraft:green_carpet"]}]}},
"minecraft:light_gray_carpet":{"trigger":"minecraft:inventory_changed","conditions":{"items":[{"items":["minecraft:light_gray_carpet"]}]}},
"minecraft:lime_carpet":{"trigger":"minecraft:inventory_changed","conditions":{"items":[{"items":["minecraft:lime_carpet"]}]}},
"minecraft:magenta_carpet":{"trigger":"minecraft:inventory_changed","conditions":{"items":[{"items":["minecraft:magenta_carpet"]}]}},
"minecraft:orange_carpet":{"trigger":"minecraft:inventory_changed","conditions":{"items":[{"items":["minecraft:orange_carpet"]}]}},
"minecraft:pink_carpet":{"trigger":"minecraft:inventory_changed","conditions":{"items":[{"items":["minecraft:pink_carpet"]}]}},
"minecraft:purple_carpet":{"trigger":"minecraft:inventory_changed","conditions":{"items":[{"items":["minecraft:purple_carpet"]}]}},
"minecraft:red_carpet":{"trigger":"minecraft:inventory_changed","conditions":{"items":[{"items":["minecraft:red_carpet"]}]}},
"minecraft:white_carpet":{"trigger":"minecraft:inventory_changed","conditions":{"items":[{"items":["minecraft:white_carpet"]}]}},
"minecraft:yellow_carpet":{"trigger":"minecraft:inventory_changed","conditions":{"items":[{"items":["minecraft:yellow_carpet"]}]}},
"minecraft:globe_banner_pattern":{"trigger":"minecraft:inventory_changed","conditions":{"items":[{"items":["minecraft:globe_banner_pattern"]}]}},
"minecraft:flower_banner_pattern":{"trigger":"minecraft:inventory_changed","conditions":{"items":[{"items":["minecraft:flower_banner_pattern"]}]}},
"minecraft:creeper_banner_pattern":{"trigger":"minecraft:inventory_changed","conditions":{"items":[{"items":["minecraft:creeper_banner_pattern"]}]}},
"minecraft:skull_banner_pattern":{"trigger":"minecraft:inventory_changed","conditions":{"items":[{"items":["minecraft:skull_banner_pattern"]}]}},
"minecraft:mojang_banner_pattern":{"trigger":"minecraft:inventory_changed","conditions":{"items":[{"items":["minecraft:mojang_banner_pattern"]}]}},
"minecraft:piglin_banner_pattern":{"trigger":"minecraft:inventory_changed","conditions":{"items":[{"items":["minecraft:piglin_banner_pattern"]}]}},
"minecraft:light_blue_banner":{"trigger":"minecraft:inventory_changed","conditions":{"items":[{"items":["minecraft:light_blue_banner"]}]}},
"minecraft:black_banner":{"trigger":"minecraft:inventory_changed","conditions":{"items":[{"items":["minecraft:black_banner"]}]}},
"minecraft:blue_banner":{"trigger":"minecraft:inventory_changed","conditions":{"items":[{"items":["minecraft:blue_banner"]}]}},
"minecraft:brown_banner":{"trigger":"minecraft:inventory_changed","conditions":{"items":[{"items":["minecraft:brown_banner"]}]}},
"minecraft:cyan_banner":{"trigger":"minecraft:inventory_changed","conditions":{"items":[{"items":["minecraft:cyan_banner"]}]}},
"minecraft:green_banner":{"trigger":"minecraft:inventory_changed","conditions":{"items":[{"items":["minecraft:green_banner"]}]}},
"minecraft:gray_banner":{"trigger":"minecraft:inventory_changed","conditions":{"items":[{"items":["minecraft:gray_banner"]}]}},
"minecraft:light_gray_banner":{"trigger":"minecraft:inventory_changed","conditions":{"items":[{"items":["minecraft:light_gray_banner"]}]}},
"minecraft:lime_banner":{"trigger":"minecraft:inventory_changed","conditions":{"items":[{"items":["minecraft:lime_banner"]}]}},
"minecraft:magenta_banner":{"trigger":"minecraft:inventory_changed","conditions":{"items":[{"items":["minecraft:magenta_banner"]}]}},
"minecraft:orange_banner":{"trigger":"minecraft:inventory_changed","conditions":{"items":[{"items":["minecraft:orange_banner"]}]}},
"minecraft:pink_banner":{"trigger":"minecraft:inventory_changed","conditions":{"items":[{"items":["minecraft:pink_banner"]}]}},
"minecraft:purple_banner":{"trigger":"minecraft:inventory_changed","conditions":{"items":[{"items":["minecraft:purple_banner"]}]}},
"minecraft:red_banner":{"trigger":"minecraft:inventory_changed","conditions":{"items":[{"items":["minecraft:red_banner"]}]}},
"minecraft:white_banner":{"trigger":"minecraft:inventory_changed","conditions":{"items":[{"items":["minecraft:white_banner"]}]}},
"minecraft:yellow_banner":{"trigger":"minecraft:inventory_changed","conditions":{"items":[{"items":["minecraft:yellow_banner"]}]}},
"minecraft:light_blue_bed":{"trigger":"minecraft:inventory_changed","conditions":{"items":[{"items":["minecraft:light_blue_bed"]}]}},
"minecraft:black_bed":{"trigger":"minecraft:inventory_changed","conditions":{"items":[{"items":["minecraft:black_bed"]}]}},
"minecraft:blue_bed":{"trigger":"minecraft:inventory_changed","conditions":{"items":[{"items":["minecraft:blue_bed"]}]}},
"minecraft:brown_bed":{"trigger":"minecraft:inventory_changed","conditions":{"items":[{"items":["minecraft:brown_bed"]}]}},
"minecraft:cyan_bed":{"trigger":"minecraft:inventory_changed","conditions":{"items":[{"items":["minecraft:cyan_bed"]}]}},
"minecraft:gray_bed":{"trigger":"minecraft:inventory_changed","conditions":{"items":[{"items":["minecraft:gray_bed"]}]}},
"minecraft:green_bed":{"trigger":"minecraft:inventory_changed","conditions":{"items":[{"items":["minecraft:green_bed"]}]}},
"minecraft:light_gray_bed":{"trigger":"minecraft:inventory_changed","conditions":{"items":[{"items":["minecraft:light_gray_bed"]}]}},
"minecraft:lime_bed":{"trigger":"minecraft:inventory_changed","conditions":{"items":[{"items":["minecraft:lime_bed"]}]}},
"minecraft:magenta_bed":{"trigger":"minecraft:inventory_changed","conditions":{"items":[{"items":["minecraft:magenta_bed"]}]}},
"minecraft:orange_bed":{"trigger":"minecraft:inventory_changed","conditions":{"items":[{"items":["minecraft:orange_bed"]}]}},
"minecraft:pink_bed":{"trigger":"minecraft:inventory_changed","conditions":{"items":[{"items":["minecraft:pink_bed"]}]}},
"minecraft:purple_bed":{"trigger":"minecraft:inventory_changed","conditions":{"items":[{"items":["minecraft:purple_bed"]}]}},
"minecraft:red_bed":{"trigger":"minecraft:inventory_changed","conditions":{"items":[{"items":["minecraft:red_bed"]}]}},
"minecraft:white_bed":{"trigger":"minecraft:inventory_changed","conditions":{"items":[{"items":["minecraft:white_bed"]}]}},
"minecraft:yellow_bed":{"trigger":"minecraft:inventory_changed","conditions":{"items":[{"items":["minecraft:yellow_bed"]}]}},
"minecraft:light_blue_candle":{"trigger":"minecraft:inventory_changed","conditions":{"items":[{"items":["minecraft:light_blue_candle"]}]}},
"minecraft:black_candle":{"trigger":"minecraft:inventory_changed","conditions":{"items":[{"items":["minecraft:black_candle"]}]}},
"minecraft:candle":{"trigger":"minecraft:inventory_changed","conditions":{"items":[{"items":["minecraft:candle"]}]}},
"minecraft:blue_candle":{"trigger":"minecraft:inventory_changed","conditions":{"items":[{"items":["minecraft:blue_candle"]}]}},
"minecraft:brown_candle":{"trigger":"minecraft:inventory_changed","conditions":{"items":[{"items":["minecraft:brown_candle"]}]}},
"minecraft:cyan_candle":{"trigger":"minecraft:inventory_changed","conditions":{"items":[{"items":["minecraft:cyan_candle"]}]}},
"minecraft:gray_candle":{"trigger":"minecraft:inventory_changed","conditions":{"items":[{"items":["minecraft:gray_candle"]}]}},
"minecraft:green_candle":{"trigger":"minecraft:inventory_changed","conditions":{"items":[{"items":["minecraft:green_candle"]}]}},
"minecraft:light_gray_candle":{"trigger":"minecraft:inventory_changed","conditions":{"items":[{"items":["minecraft:light_gray_candle"]}]}},
"minecraft:lime_candle":{"trigger":"minecraft:inventory_changed","conditions":{"items":[{"items":["minecraft:lime_candle"]}]}},
"minecraft:magenta_candle":{"trigger":"minecraft:inventory_changed","conditions":{"items":[{"items":["minecraft:magenta_candle"]}]}},
"minecraft:orange_candle":{"trigger":"minecraft:inventory_changed","conditions":{"items":[{"items":["minecraft:orange_candle"]}]}},
"minecraft:pink_candle":{"trigger":"minecraft:inventory_changed","conditions":{"items":[{"items":["minecraft:pink_candle"]}]}},
"minecraft:purple_candle":{"trigger":"minecraft:inventory_changed","conditions":{"items":[{"items":["minecraft:purple_candle"]}]}},
"minecraft:red_candle":{"trigger":"minecraft:inventory_changed","conditions":{"items":[{"items":["minecraft:red_candle"]}]}},
"minecraft:white_candle":{"trigger":"minecraft:inventory_changed","conditions":{"items":[{"items":["minecraft:white_candle"]}]}},
"minecraft:yellow_candle":{"trigger":"minecraft:inventory_changed","conditions":{"items":[{"items":["minecraft:yellow_candle"]}]}},
"minecraft:light_blue_glazed_terracotta":{"trigger":"minecraft:inventory_changed","conditions":{"items":[{"items":["minecraft:light_blue_glazed_terracotta"]}]}},
"minecraft:black_glazed_terracotta":{"trigger":"minecraft:inventory_changed","conditions":{"items":[{"items":["minecraft:black_glazed_terracotta"]}]}},
"minecraft:blue_glazed_terracotta":{"trigger":"minecraft:inventory_changed","conditions":{"items":[{"items":["minecraft:blue_glazed_terracotta"]}]}},
"minecraft:cyan_glazed_terracotta":{"trigger":"minecraft:inventory_changed","conditions":{"items":[{"items":["minecraft:cyan_glazed_terracotta"]}]}},
"minecraft:magenta_glazed_terracotta":{"trigger":"minecraft:inventory_changed","conditions":{"items":[{"items":["minecraft:magenta_glazed_terracotta"]}]}},
"minecraft:lime_glazed_terracotta":{"trigger":"minecraft:inventory_changed","conditions":{"items":[{"items":["minecraft:lime_glazed_terracotta"]}]}},
"minecraft:orange_glazed_terracotta":{"trigger":"minecraft:inventory_changed","conditions":{"items":[{"items":["minecraft:orange_glazed_terracotta"]}]}},
"minecraft:light_gray_glazed_terracotta":{"trigger":"minecraft:inventory_changed","conditions":{"items":[{"items":["minecraft:light_gray_glazed_terracotta"]}]}},
"minecraft:green_glazed_terracotta":{"trigger":"minecraft:inventory_changed","conditions":{"items":[{"items":["minecraft:green_glazed_terracotta"]}]}},
"minecraft:brown_glazed_terracotta":{"trigger":"minecraft:inventory_changed","conditions":{"items":[{"items":["minecraft:brown_glazed_terracotta"]}]}},
"minecraft:pink_glazed_terracotta":{"trigger":"minecraft:inventory_changed","conditions":{"items":[{"items":["minecraft:pink_glazed_terracotta"]}]}},
"minecraft:gray_glazed_terracotta":{"trigger":"minecraft:inventory_changed","conditions":{"items":[{"items":["minecraft:gray_glazed_terracotta"]}]}},
"minecraft:red_glazed_terracotta":{"trigger":"minecraft:inventory_changed","conditions":{"items":[{"items":["minecraft:red_glazed_terracotta"]}]}},
"minecraft:purple_glazed_terracotta":{"trigger":"minecraft:inventory_changed","conditions":{"items":[{"items":["minecraft:purple_glazed_terracotta"]}]}},
"minecraft:white_glazed_terracotta":{"trigger":"minecraft:inventory_changed","conditions":{"items":[{"items":["minecraft:white_glazed_terracotta"]}]}},
"minecraft:yellow_glazed_terracotta":{"trigger":"minecraft:inventory_changed","conditions":{"items":[{"items":["minecraft:yellow_glazed_terracotta"]}]}},
"minecraft:light_blue_terracotta":{"trigger":"minecraft:inventory_changed","conditions":{"items":[{"items":["minecraft:light_blue_terracotta"]}]}},
"minecraft:black_terracotta":{"trigger":"minecraft:inventory_changed","conditions":{"items":[{"items":["minecraft:black_terracotta"]}]}},
"minecraft:terracotta":{"trigger":"minecraft:inventory_changed","conditions":{"items":[{"items":["minecraft:terracotta"]}]}},
"minecraft:green_terracotta":{"trigger":"minecraft:inventory_changed","conditions":{"items":[{"items":["minecraft:green_terracotta"]}]}},
"minecraft:lime_terracotta":{"trigger":"minecraft:inventory_changed","conditions":{"items":[{"items":["minecraft:lime_terracotta"]}]}},
"minecraft:blue_terracotta":{"trigger":"minecraft:inventory_changed","conditions":{"items":[{"items":["minecraft:blue_terracotta"]}]}},
"minecraft:cyan_terracotta":{"trigger":"minecraft:inventory_changed","conditions":{"items":[{"items":["minecraft:cyan_terracotta"]}]}},
"minecraft:light_gray_terracotta":{"trigger":"minecraft:inventory_changed","conditions":{"items":[{"items":["minecraft:light_gray_terracotta"]}]}},
"minecraft:magenta_terracotta":{"trigger":"minecraft:inventory_changed","conditions":{"items":[{"items":["minecraft:magenta_terracotta"]}]}},
"minecraft:orange_terracotta":{"trigger":"minecraft:inventory_changed","conditions":{"items":[{"items":["minecraft:orange_terracotta"]}]}},
"minecraft:pink_terracotta":{"trigger":"minecraft:inventory_changed","conditions":{"items":[{"items":["minecraft:pink_terracotta"]}]}},
"minecraft:purple_terracotta":{"trigger":"minecraft:inventory_changed","conditions":{"items":[{"items":["minecraft:purple_terracotta"]}]}},
"minecraft:brown_terracotta":{"trigger":"minecraft:inventory_changed","conditions":{"items":[{"items":["minecraft:brown_terracotta"]}]}},
"minecraft:red_terracotta":{"trigger":"minecraft:inventory_changed","conditions":{"items":[{"items":["minecraft:red_terracotta"]}]}},
"minecraft:gray_terracotta":{"trigger":"minecraft:inventory_changed","conditions":{"items":[{"items":["minecraft:gray_terracotta"]}]}},
"minecraft:white_terracotta":{"trigger":"minecraft:inventory_changed","conditions":{"items":[{"items":["minecraft:white_terracotta"]}]}},
"minecraft:yellow_terracotta":{"trigger":"minecraft:inventory_changed","conditions":{"items":[{"items":["minecraft:yellow_terracotta"]}]}},
"minecraft:light_blue_concrete":{"trigger":"minecraft:inventory_changed","conditions":{"items":[{"items":["minecraft:light_blue_concrete"]}]}},
"minecraft:black_concrete":{"trigger":"minecraft:inventory_changed","conditions":{"items":[{"items":["minecraft:black_concrete"]}]}},
"minecraft:blue_concrete":{"trigger":"minecraft:inventory_changed","conditions":{"items":[{"items":["minecraft:blue_concrete"]}]}},
"minecraft:brown_concrete":{"trigger":"minecraft:inventory_changed","conditions":{"items":[{"items":["minecraft:brown_concrete"]}]}},
"minecraft:gray_concrete":{"trigger":"minecraft:inventory_changed","conditions":{"items":[{"items":["minecraft:gray_concrete"]}]}},
"minecraft:light_gray_concrete":{"trigger":"minecraft:inventory_changed","conditions":{"items":[{"items":["minecraft:light_gray_concrete"]}]}},
"minecraft:lime_concrete":{"trigger":"minecraft:inventory_changed","conditions":{"items":[{"items":["minecraft:lime_concrete"]}]}},
"minecraft:magenta_concrete":{"trigger":"minecraft:inventory_changed","conditions":{"items":[{"items":["minecraft:magenta_concrete"]}]}},
"minecraft:pink_concrete":{"trigger":"minecraft:inventory_changed","conditions":{"items":[{"items":["minecraft:pink_concrete"]}]}},
"minecraft:orange_concrete":{"trigger":"minecraft:inventory_changed","conditions":{"items":[{"items":["minecraft:orange_concrete"]}]}},
"minecraft:purple_concrete":{"trigger":"minecraft:inventory_changed","conditions":{"items":[{"items":["minecraft:purple_concrete"]}]}},
"minecraft:white_concrete":{"trigger":"minecraft:inventory_changed","conditions":{"items":[{"items":["minecraft:white_concrete"]}]}},
"minecraft:green_concrete":{"trigger":"minecraft:inventory_changed","conditions":{"items":[{"items":["minecraft:green_concrete"]}]}},
"minecraft:yellow_concrete":{"trigger":"minecraft:inventory_changed","conditions":{"items":[{"items":["minecraft:yellow_concrete"]}]}},
"minecraft:red_concrete":{"trigger":"minecraft:inventory_changed","conditions":{"items":[{"items":["minecraft:red_concrete"]}]}},
"minecraft:cyan_concrete":{"trigger":"minecraft:inventory_changed","conditions":{"items":[{"items":["minecraft:cyan_concrete"]}]}},
"minecraft:light_blue_concrete_powder":{"trigger":"minecraft:inventory_changed","conditions":{"items":[{"items":["minecraft:light_blue_concrete_powder"]}]}},
"minecraft:black_concrete_powder":{"trigger":"minecraft:inventory_changed","conditions":{"items":[{"items":["minecraft:black_concrete_powder"]}]}},
"minecraft:blue_concrete_powder":{"trigger":"minecraft:inventory_changed","conditions":{"items":[{"items":["minecraft:blue_concrete_powder"]}]}},
"minecraft:brown_concrete_powder":{"trigger":"minecraft:inventory_changed","conditions":{"items":[{"items":["minecraft:brown_concrete_powder"]}]}},
"minecraft:gray_concrete_powder":{"trigger":"minecraft:inventory_changed","conditions":{"items":[{"items":["minecraft:gray_concrete_powder"]}]}},
"minecraft:green_concrete_powder":{"trigger":"minecraft:inventory_changed","conditions":{"items":[{"items":["minecraft:green_concrete_powder"]}]}},
"minecraft:lime_concrete_powder":{"trigger":"minecraft:inventory_changed","conditions":{"items":[{"items":["minecraft:lime_concrete_powder"]}]}},
"minecraft:magenta_concrete_powder":{"trigger":"minecraft:inventory_changed","conditions":{"items":[{"items":["minecraft:magenta_concrete_powder"]}]}},
"minecraft:light_gray_concrete_powder":{"trigger":"minecraft:inventory_changed","conditions":{"items":[{"items":["minecraft:light_gray_concrete_powder"]}]}},
"minecraft:purple_concrete_powder":{"trigger":"minecraft:inventory_changed","conditions":{"items":[{"items":["minecraft:purple_concrete_powder"]}]}},
"minecraft:orange_concrete_powder":{"trigger":"minecraft:inventory_changed","conditions":{"items":[{"items":["minecraft:orange_concrete_powder"]}]}},
"minecraft:cyan_concrete_powder":{"trigger":"minecraft:inventory_changed","conditions":{"items":[{"items":["minecraft:cyan_concrete_powder"]}]}},
"minecraft:pink_concrete_powder":{"trigger":"minecraft:inventory_changed","conditions":{"items":[{"items":["minecraft:pink_concrete_powder"]}]}},
"minecraft:red_concrete_powder":{"trigger":"minecraft:inventory_changed","conditions":{"items":[{"items":["minecraft:red_concrete_powder"]}]}},
"minecraft:white_concrete_powder":{"trigger":"minecraft:inventory_changed","conditions":{"items":[{"items":["minecraft:white_concrete_powder"]}]}},
"minecraft:yellow_concrete_powder":{"trigger":"minecraft:inventory_changed","conditions":{"items":[{"items":["minecraft:yellow_concrete_powder"]}]}},
"minecraft:tinted_glass":{"trigger":"minecraft:inventory_changed","conditions":{"items":[{"items":["minecraft:tinted_glass"]}]}},
"minecraft:light_blue_stained_glass":{"trigger":"minecraft:inventory_changed","conditions":{"items":[{"items":["minecraft:light_blue_stained_glass"]}]}},
"minecraft:black_stained_glass":{"trigger":"minecraft:inventory_changed","conditions":{"items":[{"items":["minecraft:black_stained_glass"]}]}},
"minecraft:glass":{"trigger":"minecraft:inventory_changed","conditions":{"items":[{"items":["minecraft:glass"]}]}},
"minecraft:pink_stained_glass":{"trigger":"minecraft:inventory_changed","conditions":{"items":[{"items":["minecraft:pink_stained_glass"]}]}},
"minecraft:blue_stained_glass":{"trigger":"minecraft:inventory_changed","conditions":{"items":[{"items":["minecraft:blue_stained_glass"]}]}},
"minecraft:cyan_stained_glass":{"trigger":"minecraft:inventory_changed","conditions":{"items":[{"items":["minecraft:cyan_stained_glass"]}]}},
"minecraft:lime_stained_glass":{"trigger":"minecraft:inventory_changed","conditions":{"items":[{"items":["minecraft:lime_stained_glass"]}]}},
"minecraft:magenta_stained_glass":{"trigger":"minecraft:inventory_changed","conditions":{"items":[{"items":["minecraft:magenta_stained_glass"]}]}},
"minecraft:orange_stained_glass":{"trigger":"minecraft:inventory_changed","conditions":{"items":[{"items":["minecraft:orange_stained_glass"]}]}},
"minecraft:brown_stained_glass":{"trigger":"minecraft:inventory_changed","conditions":{"items":[{"items":["minecraft:brown_stained_glass"]}]}},
"minecraft:light_gray_stained_glass":{"trigger":"minecraft:inventory_changed","conditions":{"items":[{"items":["minecraft:light_gray_stained_glass"]}]}},
"minecraft:gray_stained_glass":{"trigger":"minecraft:inventory_changed","conditions":{"items":[{"items":["minecraft:gray_stained_glass"]}]}},
"minecraft:red_stained_glass":{"trigger":"minecraft:inventory_changed","conditions":{"items":[{"items":["minecraft:red_stained_glass"]}]}},
"minecraft:purple_stained_glass":{"trigger":"minecraft:inventory_changed","conditions":{"items":[{"items":["minecraft:purple_stained_glass"]}]}},
"minecraft:green_stained_glass":{"trigger":"minecraft:inventory_changed","conditions":{"items":[{"items":["minecraft:green_stained_glass"]}]}},
"minecraft:yellow_stained_glass":{"trigger":"minecraft:inventory_changed","conditions":{"items":[{"items":["minecraft:yellow_stained_glass"]}]}},
"minecraft:white_stained_glass":{"trigger":"minecraft:inventory_changed","conditions":{"items":[{"items":["minecraft:white_stained_glass"]}]}},
"minecraft:light_blue_stained_glass_pane":{"trigger":"minecraft:inventory_changed","conditions":{"items":[{"items":["minecraft:light_blue_stained_glass_pane"]}]}},
"minecraft:black_stained_glass_pane":{"trigger":"minecraft:inventory_changed","conditions":{"items":[{"items":["minecraft:black_stained_glass_pane"]}]}},
"minecraft:glass_pane":{"trigger":"minecraft:inventory_changed","conditions":{"items":[{"items":["minecraft:glass_pane"]}]}},
"minecraft:blue_stained_glass_pane":{"trigger":"minecraft:inventory_changed","conditions":{"items":[{"items":["minecraft:blue_stained_glass_pane"]}]}},
"minecraft:light_gray_stained_glass_pane":{"trigger":"minecraft:inventory_changed","conditions":{"items":[{"items":["minecraft:light_gray_stained_glass_pane"]}]}},
"minecraft:pink_stained_glass_pane":{"trigger":"minecraft:inventory_changed","conditions":{"items":[{"items":["minecraft:pink_stained_glass_pane"]}]}},
"minecraft:orange_stained_glass_pane":{"trigger":"minecraft:inventory_changed","conditions":{"items":[{"items":["minecraft:orange_stained_glass_pane"]}]}},
"minecraft:purple_stained_glass_pane":{"trigger":"minecraft:inventory_changed","conditions":{"items":[{"items":["minecraft:purple_stained_glass_pane"]}]}},
"minecraft:magenta_stained_glass_pane":{"trigger":"minecraft:inventory_changed","conditions":{"items":[{"items":["minecraft:magenta_stained_glass_pane"]}]}},
"minecraft:green_stained_glass_pane":{"trigger":"minecraft:inventory_changed","conditions":{"items":[{"items":["minecraft:green_stained_glass_pane"]}]}},
"minecraft:gray_stained_glass_pane":{"trigger":"minecraft:inventory_changed","conditions":{"items":[{"items":["minecraft:gray_stained_glass_pane"]}]}},
"minecraft:lime_stained_glass_pane":{"trigger":"minecraft:inventory_changed","conditions":{"items":[{"items":["minecraft:lime_stained_glass_pane"]}]}},
"minecraft:cyan_stained_glass_pane":{"trigger":"minecraft:inventory_changed","conditions":{"items":[{"items":["minecraft:cyan_stained_glass_pane"]}]}},
"minecraft:red_stained_glass_pane":{"trigger":"minecraft:inventory_changed","conditions":{"items":[{"items":["minecraft:red_stained_glass_pane"]}]}},
"minecraft:white_stained_glass_pane":{"trigger":"minecraft:inventory_changed","conditions":{"items":[{"items":["minecraft:white_stained_glass_pane"]}]}},
"minecraft:yellow_stained_glass_pane":{"trigger":"minecraft:inventory_changed","conditions":{"items":[{"items":["minecraft:yellow_stained_glass_pane"]}]}},
"minecraft:brown_stained_glass_pane":{"trigger":"minecraft:inventory_changed","conditions":{"items":[{"items":["minecraft:brown_stained_glass_pane"]}]}},
"minecraft:light_blue_shulker_box":{"trigger":"minecraft:inventory_changed","conditions":{"items":[{"items":["minecraft:light_blue_shulker_box"]}]}},
"minecraft:shulker_box":{"trigger":"minecraft:inventory_changed","conditions":{"items":[{"items":["minecraft:shulker_box"]}]}},
"minecraft:black_shulker_box":{"trigger":"minecraft:inventory_changed","conditions":{"items":[{"items":["minecraft:black_shulker_box"]}]}},
"minecraft:blue_shulker_box":{"trigger":"minecraft:inventory_changed","conditions":{"items":[{"items":["minecraft:blue_shulker_box"]}]}},
"minecraft:cyan_shulker_box":{"trigger":"minecraft:inventory_changed","conditions":{"items":[{"items":["minecraft:cyan_shulker_box"]}]}},
"minecraft:light_gray_shulker_box":{"trigger":"minecraft:inventory_changed","conditions":{"items":[{"items":["minecraft:light_gray_shulker_box"]}]}},
"minecraft:lime_shulker_box":{"trigger":"minecraft:inventory_changed","conditions":{"items":[{"items":["minecraft:lime_shulker_box"]}]}},
"minecraft:magenta_shulker_box":{"trigger":"minecraft:inventory_changed","conditions":{"items":[{"items":["minecraft:magenta_shulker_box"]}]}},
"minecraft:green_shulker_box":{"trigger":"minecraft:inventory_changed","conditions":{"items":[{"items":["minecraft:green_shulker_box"]}]}},
"minecraft:orange_shulker_box":{"trigger":"minecraft:inventory_changed","conditions":{"items":[{"items":["minecraft:orange_shulker_box"]}]}},
"minecraft:brown_shulker_box":{"trigger":"minecraft:inventory_changed","conditions":{"items":[{"items":["minecraft:brown_shulker_box"]}]}},
"minecraft:purple_shulker_box":{"trigger":"minecraft:inventory_changed","conditions":{"items":[{"items":["minecraft:purple_shulker_box"]}]}},
"minecraft:gray_shulker_box":{"trigger":"minecraft:inventory_changed","conditions":{"items":[{"items":["minecraft:gray_shulker_box"]}]}},
"minecraft:red_shulker_box":{"trigger":"minecraft:inventory_changed","conditions":{"items":[{"items":["minecraft:red_shulker_box"]}]}},
"minecraft:white_shulker_box":{"trigger":"minecraft:inventory_changed","conditions":{"items":[{"items":["minecraft:white_shulker_box"]}]}},
"minecraft:pink_shulker_box":{"trigger":"minecraft:inventory_changed","conditions":{"items":[{"items":["minecraft:pink_shulker_box"]}]}},
"minecraft:yellow_shulker_box":{"trigger":"minecraft:inventory_changed","conditions":{"items":[{"items":["minecraft:yellow_shulker_box"]}]}},
"minecraft:shulker_shell":{"trigger":"minecraft:inventory_changed","conditions":{"items":[{"items":["minecraft:shulker_shell"]}]}}

		},"requirements":[

["minecraft:light_blue_dye"],
["minecraft:red_dye"],
["minecraft:green_dye"],
["minecraft:blue_dye"],
["minecraft:yellow_dye"],
["minecraft:black_dye"],
["minecraft:white_dye"],
["minecraft:brown_dye"],
["minecraft:cyan_dye"],
["minecraft:light_gray_dye"],
["minecraft:pink_dye"],
["minecraft:lime_dye"],
["minecraft:magenta_dye"],
["minecraft:orange_dye"],
["minecraft:purple_dye"],
["minecraft:gray_dye"],
["minecraft:light_blue_wool"],
["minecraft:black_wool"],
["minecraft:blue_wool"],
["minecraft:cyan_wool"],
["minecraft:light_gray_wool"],
["minecraft:lime_wool"],
["minecraft:pink_wool"],
["minecraft:magenta_wool"],
["minecraft:purple_wool"],
["minecraft:green_wool"],
["minecraft:gray_wool"],
["minecraft:red_wool"],
["minecraft:brown_wool"],
["minecraft:orange_wool"],
["minecraft:white_wool"],
["minecraft:yellow_wool"],
["minecraft:moss_carpet"],
["minecraft:light_blue_carpet"],
["minecraft:black_carpet"],
["minecraft:blue_carpet"],
["minecraft:brown_carpet"],
["minecraft:cyan_carpet"],
["minecraft:gray_carpet"],
["minecraft:green_carpet"],
["minecraft:light_gray_carpet"],
["minecraft:lime_carpet"],
["minecraft:magenta_carpet"],
["minecraft:orange_carpet"],
["minecraft:pink_carpet"],
["minecraft:purple_carpet"],
["minecraft:red_carpet"],
["minecraft:white_carpet"],
["minecraft:yellow_carpet"],
["minecraft:globe_banner_pattern"],
["minecraft:flower_banner_pattern"],
["minecraft:creeper_banner_pattern"],
["minecraft:skull_banner_pattern"],
["minecraft:mojang_banner_pattern"],
["minecraft:piglin_banner_pattern"],
["minecraft:light_blue_banner"],
["minecraft:black_banner"],
["minecraft:blue_banner"],
["minecraft:brown_banner"],
["minecraft:cyan_banner"],
["minecraft:green_banner"],
["minecraft:gray_banner"],
["minecraft:light_gray_banner"],
["minecraft:lime_banner"],
["minecraft:magenta_banner"],
["minecraft:orange_banner"],
["minecraft:pink_banner"],
["minecraft:purple_banner"],
["minecraft:red_banner"],
["minecraft:white_banner"],
["minecraft:yellow_banner"],
["minecraft:light_blue_bed"],
["minecraft:black_bed"],
["minecraft:blue_bed"],
["minecraft:brown_bed"],
["minecraft:cyan_bed"],
["minecraft:gray_bed"],
["minecraft:green_bed"],
["minecraft:light_gray_bed"],
["minecraft:lime_bed"],
["minecraft:magenta_bed"],
["minecraft:orange_bed"],
["minecraft:pink_bed"],
["minecraft:purple_bed"],
["minecraft:red_bed"],
["minecraft:white_bed"],
["minecraft:yellow_bed"],
["minecraft:light_blue_candle"],
["minecraft:black_candle"],
["minecraft:candle"],
["minecraft:blue_candle"],
["minecraft:brown_candle"],
["minecraft:cyan_candle"],
["minecraft:gray_candle"],
["minecraft:green_candle"],
["minecraft:light_gray_candle"],
["minecraft:lime_candle"],
["minecraft:magenta_candle"],
["minecraft:orange_candle"],
["minecraft:pink_candle"],
["minecraft:purple_candle"],
["minecraft:red_candle"],
["minecraft:white_candle"],
["minecraft:yellow_candle"],
["minecraft:light_blue_glazed_terracotta"],
["minecraft:black_glazed_terracotta"],
["minecraft:blue_glazed_terracotta"],
["minecraft:cyan_glazed_terracotta"],
["minecraft:magenta_glazed_terracotta"],
["minecraft:lime_glazed_terracotta"],
["minecraft:orange_glazed_terracotta"],
["minecraft:light_gray_glazed_terracotta"],
["minecraft:green_glazed_terracotta"],
["minecraft:brown_glazed_terracotta"],
["minecraft:pink_glazed_terracotta"],
["minecraft:gray_glazed_terracotta"],
["minecraft:red_glazed_terracotta"],
["minecraft:purple_glazed_terracotta"],
["minecraft:white_glazed_terracotta"],
["minecraft:yellow_glazed_terracotta"],
["minecraft:light_blue_terracotta"],
["minecraft:black_terracotta"],
["minecraft:terracotta"],
["minecraft:green_terracotta"],
["minecraft:lime_terracotta"],
["minecraft:blue_terracotta"],
["minecraft:cyan_terracotta"],
["minecraft:light_gray_terracotta"],
["minecraft:magenta_terracotta"],
["minecraft:orange_terracotta"],
["minecraft:pink_terracotta"],
["minecraft:purple_terracotta"],
["minecraft:brown_terracotta"],
["minecraft:red_terracotta"],
["minecraft:gray_terracotta"],
["minecraft:white_terracotta"],
["minecraft:yellow_terracotta"],
["minecraft:light_blue_concrete"],
["minecraft:black_concrete"],
["minecraft:blue_concrete"],
["minecraft:brown_concrete"],
["minecraft:gray_concrete"],
["minecraft:light_gray_concrete"],
["minecraft:lime_concrete"],
["minecraft:magenta_concrete"],
["minecraft:pink_concrete"],
["minecraft:orange_concrete"],
["minecraft:purple_concrete"],
["minecraft:white_concrete"],
["minecraft:green_concrete"],
["minecraft:yellow_concrete"],
["minecraft:red_concrete"],
["minecraft:cyan_concrete"],
["minecraft:light_blue_concrete_powder"],
["minecraft:black_concrete_powder"],
["minecraft:blue_concrete_powder"],
["minecraft:brown_concrete_powder"],
["minecraft:gray_concrete_powder"],
["minecraft:green_concrete_powder"],
["minecraft:lime_concrete_powder"],
["minecraft:magenta_concrete_powder"],
["minecraft:light_gray_concrete_powder"],
["minecraft:purple_concrete_powder"],
["minecraft:orange_concrete_powder"],
["minecraft:cyan_concrete_powder"],
["minecraft:pink_concrete_powder"],
["minecraft:red_concrete_powder"],
["minecraft:white_concrete_powder"],
["minecraft:yellow_concrete_powder"],
["minecraft:tinted_glass"],
["minecraft:light_blue_stained_glass"],
["minecraft:black_stained_glass"],
["minecraft:glass"],
["minecraft:pink_stained_glass"],
["minecraft:blue_stained_glass"],
["minecraft:cyan_stained_glass"],
["minecraft:lime_stained_glass"],
["minecraft:magenta_stained_glass"],
["minecraft:orange_stained_glass"],
["minecraft:brown_stained_glass"],
["minecraft:light_gray_stained_glass"],
["minecraft:gray_stained_glass"],
["minecraft:red_stained_glass"],
["minecraft:purple_stained_glass"],
["minecraft:green_stained_glass"],
["minecraft:yellow_stained_glass"],
["minecraft:white_stained_glass"],
["minecraft:light_blue_stained_glass_pane"],
["minecraft:black_stained_glass_pane"],
["minecraft:glass_pane"],
["minecraft:blue_stained_glass_pane"],
["minecraft:light_gray_stained_glass_pane"],
["minecraft:pink_stained_glass_pane"],
["minecraft:orange_stained_glass_pane"],
["minecraft:purple_stained_glass_pane"],
["minecraft:magenta_stained_glass_pane"],
["minecraft:green_stained_glass_pane"],
["minecraft:gray_stained_glass_pane"],
["minecraft:lime_stained_glass_pane"],
["minecraft:cyan_stained_glass_pane"],
["minecraft:red_stained_glass_pane"],
["minecraft:white_stained_glass_pane"],
["minecraft:yellow_stained_glass_pane"],
["minecraft:brown_stained_glass_pane"],
["minecraft:light_blue_shulker_box"],
["minecraft:shulker_box"],
["minecraft:black_shulker_box"],
["minecraft:blue_shulker_box"],
["minecraft:cyan_shulker_box"],
["minecraft:light_gray_shulker_box"],
["minecraft:lime_shulker_box"],
["minecraft:magenta_shulker_box"],
["minecraft:green_shulker_box"],
["minecraft:orange_shulker_box"],
["minecraft:brown_shulker_box"],
["minecraft:purple_shulker_box"],
["minecraft:gray_shulker_box"],
["minecraft:red_shulker_box"],
["minecraft:white_shulker_box"],
["minecraft:pink_shulker_box"],
["minecraft:yellow_shulker_box"],
["minecraft:shulker_shell"]
		]}
