		{"parent":
"all_item:work/stain/shulker_box/_family",
		"display":{"icon":{"item":
"minecraft:light_blue_shulker_box"
		},"title":
"潜影盒属",
		"description":"","frame":"task","show_toast":true,"announce_to_chat":true,
		"hidden":false},"criteria":{

"minecraft:light_blue_shulker_box":{"trigger":"minecraft:inventory_changed","conditions":{"items":[{"items":["minecraft:light_blue_shulker_box"]}]}},
"minecraft:shulker_box":{"trigger":"minecraft:inventory_changed","conditions":{"items":[{"items":["minecraft:shulker_box"]}]}},
"minecraft:black_shulker_box":{"trigger":"minecraft:inventory_changed","conditions":{"items":[{"items":["minecraft:black_shulker_box"]}]}},
"minecraft:blue_shulker_box":{"trigger":"minecraft:inventory_changed","conditions":{"items":[{"items":["minecraft:blue_shulker_box"]}]}},
"minecraft:cyan_shulker_box":{"trigger":"minecraft:inventory_changed","conditions":{"items":[{"items":["minecraft:cyan_shulker_box"]}]}},
"minecraft:light_gray_shulker_box":{"trigger":"minecraft:inventory_changed","conditions":{"items":[{"items":["minecraft:light_gray_shulker_box"]}]}},
"minecraft:lime_shulker_box":{"trigger":"minecraft:inventory_changed","conditions":{"items":[{"items":["minecraft:lime_shulker_box"]}]}},
"minecraft:magenta_shulker_box":{"trigger":"minecraft:inventory_changed","conditions":{"items":[{"items":["minecraft:magenta_shulker_box"]}]}},
"minecraft:green_shulker_box":{"trigger":"minecraft:inventory_changed","conditions":{"items":[{"items":["minecraft:green_shulker_box"]}]}},
"minecraft:orange_shulker_box":{"trigger":"minecraft:inventory_changed","conditions":{"items":[{"items":["minecraft:orange_shulker_box"]}]}},
"minecraft:brown_shulker_box":{"trigger":"minecraft:inventory_changed","conditions":{"items":[{"items":["minecraft:brown_shulker_box"]}]}},
"minecraft:purple_shulker_box":{"trigger":"minecraft:inventory_changed","conditions":{"items":[{"items":["minecraft:purple_shulker_box"]}]}},
"minecraft:gray_shulker_box":{"trigger":"minecraft:inventory_changed","conditions":{"items":[{"items":["minecraft:gray_shulker_box"]}]}},
"minecraft:red_shulker_box":{"trigger":"minecraft:inventory_changed","conditions":{"items":[{"items":["minecraft:red_shulker_box"]}]}},
"minecraft:white_shulker_box":{"trigger":"minecraft:inventory_changed","conditions":{"items":[{"items":["minecraft:white_shulker_box"]}]}},
"minecraft:pink_shulker_box":{"trigger":"minecraft:inventory_changed","conditions":{"items":[{"items":["minecraft:pink_shulker_box"]}]}},
"minecraft:yellow_shulker_box":{"trigger":"minecraft:inventory_changed","conditions":{"items":[{"items":["minecraft:yellow_shulker_box"]}]}}

		},"requirements":[

["minecraft:light_blue_shulker_box"],
["minecraft:shulker_box"],
["minecraft:black_shulker_box"],
["minecraft:blue_shulker_box"],
["minecraft:cyan_shulker_box"],
["minecraft:light_gray_shulker_box"],
["minecraft:lime_shulker_box"],
["minecraft:magenta_shulker_box"],
["minecraft:green_shulker_box"],
["minecraft:orange_shulker_box"],
["minecraft:brown_shulker_box"],
["minecraft:purple_shulker_box"],
["minecraft:gray_shulker_box"],
["minecraft:red_shulker_box"],
["minecraft:white_shulker_box"],
["minecraft:pink_shulker_box"],
["minecraft:yellow_shulker_box"]
		]}
