		{"display":{"icon":{"item":
"minecraft:stone"
		},"title":
"岩石目",
		"description":"","frame":"task","background":"minecraft:textures/gui/advancements/backgrounds/stone.png",
        "show_toast":true,"announce_to_chat":true,"hidden":false},"criteria":{

"minecraft:stone":{"trigger":"minecraft:inventory_changed","conditions":{"items":[{"items":["minecraft:stone"]}]}},
"minecraft:cobblestone":{"trigger":"minecraft:inventory_changed","conditions":{"items":[{"items":["minecraft:cobblestone"]}]}},
"minecraft:mossy_cobblestone":{"trigger":"minecraft:inventory_changed","conditions":{"items":[{"items":["minecraft:mossy_cobblestone"]}]}},
"minecraft:smooth_stone":{"trigger":"minecraft:inventory_changed","conditions":{"items":[{"items":["minecraft:smooth_stone"]}]}},
"minecraft:stone_bricks":{"trigger":"minecraft:inventory_changed","conditions":{"items":[{"items":["minecraft:stone_bricks"]}]}},
"minecraft:chiseled_stone_bricks":{"trigger":"minecraft:inventory_changed","conditions":{"items":[{"items":["minecraft:chiseled_stone_bricks"]}]}},
"minecraft:cracked_stone_bricks":{"trigger":"minecraft:inventory_changed","conditions":{"items":[{"items":["minecraft:cracked_stone_bricks"]}]}},
"minecraft:mossy_stone_bricks":{"trigger":"minecraft:inventory_changed","conditions":{"items":[{"items":["minecraft:mossy_stone_bricks"]}]}},
"minecraft:deepslate":{"trigger":"minecraft:inventory_changed","conditions":{"items":[{"items":["minecraft:deepslate"]}]}},
"minecraft:chiseled_deepslate":{"trigger":"minecraft:inventory_changed","conditions":{"items":[{"items":["minecraft:chiseled_deepslate"]}]}},
"minecraft:polished_deepslate":{"trigger":"minecraft:inventory_changed","conditions":{"items":[{"items":["minecraft:polished_deepslate"]}]}},
"minecraft:deepslate_bricks":{"trigger":"minecraft:inventory_changed","conditions":{"items":[{"items":["minecraft:deepslate_bricks"]}]}},
"minecraft:deepslate_tiles":{"trigger":"minecraft:inventory_changed","conditions":{"items":[{"items":["minecraft:deepslate_tiles"]}]}},
"minecraft:cracked_deepslate_bricks":{"trigger":"minecraft:inventory_changed","conditions":{"items":[{"items":["minecraft:cracked_deepslate_bricks"]}]}},
"minecraft:cracked_deepslate_tiles":{"trigger":"minecraft:inventory_changed","conditions":{"items":[{"items":["minecraft:cracked_deepslate_tiles"]}]}},
"minecraft:cobbled_deepslate":{"trigger":"minecraft:inventory_changed","conditions":{"items":[{"items":["minecraft:cobbled_deepslate"]}]}},
"minecraft:blackstone":{"trigger":"minecraft:inventory_changed","conditions":{"items":[{"items":["minecraft:blackstone"]}]}},
"minecraft:gilded_blackstone":{"trigger":"minecraft:inventory_changed","conditions":{"items":[{"items":["minecraft:gilded_blackstone"]}]}},
"minecraft:polished_blackstone":{"trigger":"minecraft:inventory_changed","conditions":{"items":[{"items":["minecraft:polished_blackstone"]}]}},
"minecraft:chiseled_polished_blackstone":{"trigger":"minecraft:inventory_changed","conditions":{"items":[{"items":["minecraft:chiseled_polished_blackstone"]}]}},
"minecraft:polished_blackstone_bricks":{"trigger":"minecraft:inventory_changed","conditions":{"items":[{"items":["minecraft:polished_blackstone_bricks"]}]}},
"minecraft:cracked_polished_blackstone_bricks":{"trigger":"minecraft:inventory_changed","conditions":{"items":[{"items":["minecraft:cracked_polished_blackstone_bricks"]}]}},
"minecraft:ice":{"trigger":"minecraft:inventory_changed","conditions":{"items":[{"items":["minecraft:ice"]}]}},
"minecraft:packed_ice":{"trigger":"minecraft:inventory_changed","conditions":{"items":[{"items":["minecraft:packed_ice"]}]}},
"minecraft:blue_ice":{"trigger":"minecraft:inventory_changed","conditions":{"items":[{"items":["minecraft:blue_ice"]}]}},
"minecraft:andesite":{"trigger":"minecraft:inventory_changed","conditions":{"items":[{"items":["minecraft:andesite"]}]}},
"minecraft:polished_andesite":{"trigger":"minecraft:inventory_changed","conditions":{"items":[{"items":["minecraft:polished_andesite"]}]}},
"minecraft:diorite":{"trigger":"minecraft:inventory_changed","conditions":{"items":[{"items":["minecraft:diorite"]}]}},
"minecraft:polished_diorite":{"trigger":"minecraft:inventory_changed","conditions":{"items":[{"items":["minecraft:polished_diorite"]}]}},
"minecraft:granite":{"trigger":"minecraft:inventory_changed","conditions":{"items":[{"items":["minecraft:granite"]}]}},
"minecraft:polished_granite":{"trigger":"minecraft:inventory_changed","conditions":{"items":[{"items":["minecraft:polished_granite"]}]}},
"minecraft:tuff":{"trigger":"minecraft:inventory_changed","conditions":{"items":[{"items":["minecraft:tuff"]}]}},
"minecraft:calcite":{"trigger":"minecraft:inventory_changed","conditions":{"items":[{"items":["minecraft:calcite"]}]}},
"minecraft:dripstone_block":{"trigger":"minecraft:inventory_changed","conditions":{"items":[{"items":["minecraft:dripstone_block"]}]}},
"minecraft:pointed_dripstone":{"trigger":"minecraft:inventory_changed","conditions":{"items":[{"items":["minecraft:pointed_dripstone"]}]}},
"minecraft:prismarine":{"trigger":"minecraft:inventory_changed","conditions":{"items":[{"items":["minecraft:prismarine"]}]}},
"minecraft:dark_prismarine":{"trigger":"minecraft:inventory_changed","conditions":{"items":[{"items":["minecraft:dark_prismarine"]}]}},
"minecraft:prismarine_bricks":{"trigger":"minecraft:inventory_changed","conditions":{"items":[{"items":["minecraft:prismarine_bricks"]}]}},
"minecraft:sandstone":{"trigger":"minecraft:inventory_changed","conditions":{"items":[{"items":["minecraft:sandstone"]}]}},
"minecraft:red_sandstone":{"trigger":"minecraft:inventory_changed","conditions":{"items":[{"items":["minecraft:red_sandstone"]}]}},
"minecraft:chiseled_red_sandstone":{"trigger":"minecraft:inventory_changed","conditions":{"items":[{"items":["minecraft:chiseled_red_sandstone"]}]}},
"minecraft:chiseled_sandstone":{"trigger":"minecraft:inventory_changed","conditions":{"items":[{"items":["minecraft:chiseled_sandstone"]}]}},
"minecraft:cut_red_sandstone":{"trigger":"minecraft:inventory_changed","conditions":{"items":[{"items":["minecraft:cut_red_sandstone"]}]}},
"minecraft:cut_sandstone":{"trigger":"minecraft:inventory_changed","conditions":{"items":[{"items":["minecraft:cut_sandstone"]}]}},
"minecraft:smooth_red_sandstone":{"trigger":"minecraft:inventory_changed","conditions":{"items":[{"items":["minecraft:smooth_red_sandstone"]}]}},
"minecraft:smooth_sandstone":{"trigger":"minecraft:inventory_changed","conditions":{"items":[{"items":["minecraft:smooth_sandstone"]}]}},
"minecraft:netherrack":{"trigger":"minecraft:inventory_changed","conditions":{"items":[{"items":["minecraft:netherrack"]}]}},
"minecraft:obsidian":{"trigger":"minecraft:inventory_changed","conditions":{"items":[{"items":["minecraft:obsidian"]}]}},
"minecraft:crying_obsidian":{"trigger":"minecraft:inventory_changed","conditions":{"items":[{"items":["minecraft:crying_obsidian"]}]}},
"minecraft:warped_nylium":{"trigger":"minecraft:inventory_changed","conditions":{"items":[{"items":["minecraft:warped_nylium"]}]}},
"minecraft:crimson_nylium":{"trigger":"minecraft:inventory_changed","conditions":{"items":[{"items":["minecraft:crimson_nylium"]}]}},
"minecraft:magma_block":{"trigger":"minecraft:inventory_changed","conditions":{"items":[{"items":["minecraft:magma_block"]}]}},
"minecraft:basalt":{"trigger":"minecraft:inventory_changed","conditions":{"items":[{"items":["minecraft:basalt"]}]}},
"minecraft:polished_basalt":{"trigger":"minecraft:inventory_changed","conditions":{"items":[{"items":["minecraft:polished_basalt"]}]}},
"minecraft:smooth_basalt":{"trigger":"minecraft:inventory_changed","conditions":{"items":[{"items":["minecraft:smooth_basalt"]}]}},
"minecraft:end_stone":{"trigger":"minecraft:inventory_changed","conditions":{"items":[{"items":["minecraft:end_stone"]}]}},
"minecraft:end_stone_bricks":{"trigger":"minecraft:inventory_changed","conditions":{"items":[{"items":["minecraft:end_stone_bricks"]}]}},
"minecraft:purpur_block":{"trigger":"minecraft:inventory_changed","conditions":{"items":[{"items":["minecraft:purpur_block"]}]}},
"minecraft:purpur_pillar":{"trigger":"minecraft:inventory_changed","conditions":{"items":[{"items":["minecraft:purpur_pillar"]}]}}

		},"requirements":[

["minecraft:stone",
"minecraft:cobblestone",
"minecraft:mossy_cobblestone",
"minecraft:smooth_stone",
"minecraft:stone_bricks",
"minecraft:chiseled_stone_bricks",
"minecraft:cracked_stone_bricks",
"minecraft:mossy_stone_bricks",
"minecraft:deepslate",
"minecraft:chiseled_deepslate",
"minecraft:polished_deepslate",
"minecraft:deepslate_bricks",
"minecraft:deepslate_tiles",
"minecraft:cracked_deepslate_bricks",
"minecraft:cracked_deepslate_tiles",
"minecraft:cobbled_deepslate",
"minecraft:blackstone",
"minecraft:gilded_blackstone",
"minecraft:polished_blackstone",
"minecraft:chiseled_polished_blackstone",
"minecraft:polished_blackstone_bricks",
"minecraft:cracked_polished_blackstone_bricks",
"minecraft:ice",
"minecraft:packed_ice",
"minecraft:blue_ice",
"minecraft:andesite",
"minecraft:polished_andesite",
"minecraft:diorite",
"minecraft:polished_diorite",
"minecraft:granite",
"minecraft:polished_granite",
"minecraft:tuff",
"minecraft:calcite",
"minecraft:dripstone_block",
"minecraft:pointed_dripstone",
"minecraft:prismarine",
"minecraft:dark_prismarine",
"minecraft:prismarine_bricks",
"minecraft:sandstone",
"minecraft:red_sandstone",
"minecraft:chiseled_red_sandstone",
"minecraft:chiseled_sandstone",
"minecraft:cut_red_sandstone",
"minecraft:cut_sandstone",
"minecraft:smooth_red_sandstone",
"minecraft:smooth_sandstone",
"minecraft:netherrack",
"minecraft:obsidian",
"minecraft:crying_obsidian",
"minecraft:warped_nylium",
"minecraft:crimson_nylium",
"minecraft:magma_block",
"minecraft:basalt",
"minecraft:polished_basalt",
"minecraft:smooth_basalt",
"minecraft:end_stone",
"minecraft:end_stone_bricks",
"minecraft:purpur_block",
"minecraft:purpur_pillar"]
		]}
