		{"parent":
"all_item:stone/stone/root",
		"display":{"icon":{"item":
"minecraft:ice"
		},"title":
"冰科",
		"description":"","frame":"task","show_toast":true,"announce_to_chat":true,
		"hidden":false},"criteria":{

"minecraft:ice":{"trigger":"minecraft:inventory_changed","conditions":{"items":[{"items":["minecraft:ice"]}]}},
"minecraft:packed_ice":{"trigger":"minecraft:inventory_changed","conditions":{"items":[{"items":["minecraft:packed_ice"]}]}},
"minecraft:blue_ice":{"trigger":"minecraft:inventory_changed","conditions":{"items":[{"items":["minecraft:blue_ice"]}]}}

		},"requirements":[

["minecraft:ice",
"minecraft:packed_ice",
"minecraft:blue_ice"]
		]}
