		{"parent":
"all_item:stone/stone/root",
		"display":{"icon":{"item":
"minecraft:end_stone"
		},"title":
"末地岩科",
		"description":"","frame":"task","show_toast":true,"announce_to_chat":true,
		"hidden":false},"criteria":{

"minecraft:end_stone":{"trigger":"minecraft:inventory_changed","conditions":{"items":[{"items":["minecraft:end_stone"]}]}},
"minecraft:end_stone_bricks":{"trigger":"minecraft:inventory_changed","conditions":{"items":[{"items":["minecraft:end_stone_bricks"]}]}},
"minecraft:purpur_block":{"trigger":"minecraft:inventory_changed","conditions":{"items":[{"items":["minecraft:purpur_block"]}]}},
"minecraft:purpur_pillar":{"trigger":"minecraft:inventory_changed","conditions":{"items":[{"items":["minecraft:purpur_pillar"]}]}}

		},"requirements":[

["minecraft:end_stone",
"minecraft:end_stone_bricks",
"minecraft:purpur_block",
"minecraft:purpur_pillar"]
		]}
