		{"parent":
"all_item:arm/food/root",
		"display":{"icon":{"item":
"minecraft:mushroom_stew"
		},"title":
"其他食物科",
		"description":"","frame":"task","show_toast":true,"announce_to_chat":true,
		"hidden":false},"criteria":{

"minecraft:mushroom_stew":{"trigger":"minecraft:inventory_changed","conditions":{"items":[{"items":["minecraft:mushroom_stew"]}]}},
"minecraft:bowl":{"trigger":"minecraft:inventory_changed","conditions":{"items":[{"items":["minecraft:bowl"]}]}},
"minecraft:beetroot_soup":{"trigger":"minecraft:inventory_changed","conditions":{"items":[{"items":["minecraft:beetroot_soup"]}]}},
"minecraft:rabbit_stew":{"trigger":"minecraft:inventory_changed","conditions":{"items":[{"items":["minecraft:rabbit_stew"]}]}},
"minecraft:rotten_flesh":{"trigger":"minecraft:inventory_changed","conditions":{"items":[{"items":["minecraft:rotten_flesh"]}]}},
"minecraft:cake":{"trigger":"minecraft:inventory_changed","conditions":{"items":[{"items":["minecraft:cake"]}]}}

		},"requirements":[

["minecraft:mushroom_stew",
"minecraft:bowl",
"minecraft:beetroot_soup",
"minecraft:rabbit_stew",
"minecraft:rotten_flesh",
"minecraft:cake"]
		]}
