		{"parent":
"all_item:all/life/_class",
		"display":{"icon":{"item":
"minecraft:birch_sapling"
		},"title":
"植物目",
		"description":"","frame":"challenge","show_toast":true,"announce_to_chat":true,
		"hidden":false},"criteria":{

"minecraft:birch_sapling":{"trigger":"minecraft:inventory_changed","conditions":{"items":[{"items":["minecraft:birch_sapling"]}]}},
"minecraft:dark_oak_sapling":{"trigger":"minecraft:inventory_changed","conditions":{"items":[{"items":["minecraft:dark_oak_sapling"]}]}},
"minecraft:jungle_sapling":{"trigger":"minecraft:inventory_changed","conditions":{"items":[{"items":["minecraft:jungle_sapling"]}]}},
"minecraft:oak_sapling":{"trigger":"minecraft:inventory_changed","conditions":{"items":[{"items":["minecraft:oak_sapling"]}]}},
"minecraft:spruce_sapling":{"trigger":"minecraft:inventory_changed","conditions":{"items":[{"items":["minecraft:spruce_sapling"]}]}},
"minecraft:mangrove_propagule":{"trigger":"minecraft:inventory_changed","conditions":{"items":[{"items":["minecraft:mangrove_propagule"]}]}},
"minecraft:acacia_sapling":{"trigger":"minecraft:inventory_changed","conditions":{"items":[{"items":["minecraft:acacia_sapling"]}]}},
"minecraft:chorus_flower":{"trigger":"minecraft:inventory_changed","conditions":{"items":[{"items":["minecraft:chorus_flower"]}]}},
"minecraft:birch_leaves":{"trigger":"minecraft:inventory_changed","conditions":{"items":[{"items":["minecraft:birch_leaves"]}]}},
"minecraft:dark_oak_leaves":{"trigger":"minecraft:inventory_changed","conditions":{"items":[{"items":["minecraft:dark_oak_leaves"]}]}},
"minecraft:jungle_leaves":{"trigger":"minecraft:inventory_changed","conditions":{"items":[{"items":["minecraft:jungle_leaves"]}]}},
"minecraft:oak_leaves":{"trigger":"minecraft:inventory_changed","conditions":{"items":[{"items":["minecraft:oak_leaves"]}]}},
"minecraft:spruce_leaves":{"trigger":"minecraft:inventory_changed","conditions":{"items":[{"items":["minecraft:spruce_leaves"]}]}},
"minecraft:mangrove_leaves":{"trigger":"minecraft:inventory_changed","conditions":{"items":[{"items":["minecraft:mangrove_leaves"]}]}},
"minecraft:acacia_leaves":{"trigger":"minecraft:inventory_changed","conditions":{"items":[{"items":["minecraft:acacia_leaves"]}]}},
"minecraft:azalea_leaves":{"trigger":"minecraft:inventory_changed","conditions":{"items":[{"items":["minecraft:azalea_leaves"]}]}},
"minecraft:flowering_azalea_leaves":{"trigger":"minecraft:inventory_changed","conditions":{"items":[{"items":["minecraft:flowering_azalea_leaves"]}]}},
"minecraft:azalea":{"trigger":"minecraft:inventory_changed","conditions":{"items":[{"items":["minecraft:azalea"]}]}},
"minecraft:flowering_azalea":{"trigger":"minecraft:inventory_changed","conditions":{"items":[{"items":["minecraft:flowering_azalea"]}]}},
"minecraft:mangrove_roots":{"trigger":"minecraft:inventory_changed","conditions":{"items":[{"items":["minecraft:mangrove_roots"]}]}},
"minecraft:muddy_mangrove_roots":{"trigger":"minecraft:inventory_changed","conditions":{"items":[{"items":["minecraft:muddy_mangrove_roots"]}]}},
"minecraft:hanging_roots":{"trigger":"minecraft:inventory_changed","conditions":{"items":[{"items":["minecraft:hanging_roots"]}]}},
"minecraft:grass":{"trigger":"minecraft:inventory_changed","conditions":{"items":[{"items":["minecraft:grass"]}]}},
"minecraft:tall_grass":{"trigger":"minecraft:inventory_changed","conditions":{"items":[{"items":["minecraft:tall_grass"]}]}},
"minecraft:fern":{"trigger":"minecraft:inventory_changed","conditions":{"items":[{"items":["minecraft:fern"]}]}},
"minecraft:large_fern":{"trigger":"minecraft:inventory_changed","conditions":{"items":[{"items":["minecraft:large_fern"]}]}},
"minecraft:poppy":{"trigger":"minecraft:inventory_changed","conditions":{"items":[{"items":["minecraft:poppy"]}]}},
"minecraft:azure_bluet":{"trigger":"minecraft:inventory_changed","conditions":{"items":[{"items":["minecraft:azure_bluet"]}]}},
"minecraft:blue_orchid":{"trigger":"minecraft:inventory_changed","conditions":{"items":[{"items":["minecraft:blue_orchid"]}]}},
"minecraft:dandelion":{"trigger":"minecraft:inventory_changed","conditions":{"items":[{"items":["minecraft:dandelion"]}]}},
"minecraft:allium":{"trigger":"minecraft:inventory_changed","conditions":{"items":[{"items":["minecraft:allium"]}]}},
"minecraft:orange_tulip":{"trigger":"minecraft:inventory_changed","conditions":{"items":[{"items":["minecraft:orange_tulip"]}]}},
"minecraft:pink_tulip":{"trigger":"minecraft:inventory_changed","conditions":{"items":[{"items":["minecraft:pink_tulip"]}]}},
"minecraft:red_tulip":{"trigger":"minecraft:inventory_changed","conditions":{"items":[{"items":["minecraft:red_tulip"]}]}},
"minecraft:white_tulip":{"trigger":"minecraft:inventory_changed","conditions":{"items":[{"items":["minecraft:white_tulip"]}]}},
"minecraft:cornflower":{"trigger":"minecraft:inventory_changed","conditions":{"items":[{"items":["minecraft:cornflower"]}]}},
"minecraft:oxeye_daisy":{"trigger":"minecraft:inventory_changed","conditions":{"items":[{"items":["minecraft:oxeye_daisy"]}]}},
"minecraft:lily_of_the_valley":{"trigger":"minecraft:inventory_changed","conditions":{"items":[{"items":["minecraft:lily_of_the_valley"]}]}},
"minecraft:wither_rose":{"trigger":"minecraft:inventory_changed","conditions":{"items":[{"items":["minecraft:wither_rose"]}]}},
"minecraft:rose_bush":{"trigger":"minecraft:inventory_changed","conditions":{"items":[{"items":["minecraft:rose_bush"]}]}},
"minecraft:sunflower":{"trigger":"minecraft:inventory_changed","conditions":{"items":[{"items":["minecraft:sunflower"]}]}},
"minecraft:peony":{"trigger":"minecraft:inventory_changed","conditions":{"items":[{"items":["minecraft:peony"]}]}},
"minecraft:lilac":{"trigger":"minecraft:inventory_changed","conditions":{"items":[{"items":["minecraft:lilac"]}]}},
"minecraft:kelp":{"trigger":"minecraft:inventory_changed","conditions":{"items":[{"items":["minecraft:kelp"]}]}},
"minecraft:seagrass":{"trigger":"minecraft:inventory_changed","conditions":{"items":[{"items":["minecraft:seagrass"]}]}},
"minecraft:sugar_cane":{"trigger":"minecraft:inventory_changed","conditions":{"items":[{"items":["minecraft:sugar_cane"]}]}},
"minecraft:sea_pickle":{"trigger":"minecraft:inventory_changed","conditions":{"items":[{"items":["minecraft:sea_pickle"]}]}},
"minecraft:cactus":{"trigger":"minecraft:inventory_changed","conditions":{"items":[{"items":["minecraft:cactus"]}]}},
"minecraft:lily_pad":{"trigger":"minecraft:inventory_changed","conditions":{"items":[{"items":["minecraft:lily_pad"]}]}},
"minecraft:spore_blossom":{"trigger":"minecraft:inventory_changed","conditions":{"items":[{"items":["minecraft:spore_blossom"]}]}},
"minecraft:dead_bush":{"trigger":"minecraft:inventory_changed","conditions":{"items":[{"items":["minecraft:dead_bush"]}]}},
"minecraft:wheat":{"trigger":"minecraft:inventory_changed","conditions":{"items":[{"items":["minecraft:wheat"]}]}},
"minecraft:hay_block":{"trigger":"minecraft:inventory_changed","conditions":{"items":[{"items":["minecraft:hay_block"]}]}},
"minecraft:pumpkin":{"trigger":"minecraft:inventory_changed","conditions":{"items":[{"items":["minecraft:pumpkin"]}]}},
"minecraft:carved_pumpkin":{"trigger":"minecraft:inventory_changed","conditions":{"items":[{"items":["minecraft:carved_pumpkin"]}]}},
"minecraft:cocoa_beans":{"trigger":"minecraft:inventory_changed","conditions":{"items":[{"items":["minecraft:cocoa_beans"]}]}},
"minecraft:wheat_seeds":{"trigger":"minecraft:inventory_changed","conditions":{"items":[{"items":["minecraft:wheat_seeds"]}]}},
"minecraft:beetroot_seeds":{"trigger":"minecraft:inventory_changed","conditions":{"items":[{"items":["minecraft:beetroot_seeds"]}]}},
"minecraft:pumpkin_seeds":{"trigger":"minecraft:inventory_changed","conditions":{"items":[{"items":["minecraft:pumpkin_seeds"]}]}},
"minecraft:melon_seeds":{"trigger":"minecraft:inventory_changed","conditions":{"items":[{"items":["minecraft:melon_seeds"]}]}}

		},"requirements":[

["minecraft:birch_sapling"],
["minecraft:dark_oak_sapling"],
["minecraft:jungle_sapling"],
["minecraft:oak_sapling"],
["minecraft:spruce_sapling"],
["minecraft:mangrove_propagule"],
["minecraft:acacia_sapling"],
["minecraft:chorus_flower"],
["minecraft:birch_leaves"],
["minecraft:dark_oak_leaves"],
["minecraft:jungle_leaves"],
["minecraft:oak_leaves"],
["minecraft:spruce_leaves"],
["minecraft:mangrove_leaves"],
["minecraft:acacia_leaves"],
["minecraft:azalea_leaves"],
["minecraft:flowering_azalea_leaves"],
["minecraft:azalea"],
["minecraft:flowering_azalea"],
["minecraft:mangrove_roots"],
["minecraft:muddy_mangrove_roots"],
["minecraft:hanging_roots"],
["minecraft:grass"],
["minecraft:tall_grass"],
["minecraft:fern"],
["minecraft:large_fern"],
["minecraft:poppy"],
["minecraft:azure_bluet"],
["minecraft:blue_orchid"],
["minecraft:dandelion"],
["minecraft:allium"],
["minecraft:orange_tulip"],
["minecraft:pink_tulip"],
["minecraft:red_tulip"],
["minecraft:white_tulip"],
["minecraft:cornflower"],
["minecraft:oxeye_daisy"],
["minecraft:lily_of_the_valley"],
["minecraft:wither_rose"],
["minecraft:rose_bush"],
["minecraft:sunflower"],
["minecraft:peony"],
["minecraft:lilac"],
["minecraft:kelp"],
["minecraft:seagrass"],
["minecraft:sugar_cane"],
["minecraft:sea_pickle"],
["minecraft:cactus"],
["minecraft:lily_pad"],
["minecraft:spore_blossom"],
["minecraft:dead_bush"],
["minecraft:wheat"],
["minecraft:hay_block"],
["minecraft:pumpkin"],
["minecraft:carved_pumpkin"],
["minecraft:cocoa_beans"],
["minecraft:wheat_seeds"],
["minecraft:beetroot_seeds"],
["minecraft:pumpkin_seeds"],
["minecraft:melon_seeds"]
		]}
