		{"parent":
"all_item:work/stain/root",
		"display":{"icon":{"item":
"minecraft:light_blue_dye"
		},"title":
"染料科",
		"description":"","frame":"task","show_toast":true,"announce_to_chat":true,
		"hidden":false},"criteria":{

"minecraft:light_blue_dye":{"trigger":"minecraft:inventory_changed","conditions":{"items":[{"items":["minecraft:light_blue_dye"]}]}},
"minecraft:red_dye":{"trigger":"minecraft:inventory_changed","conditions":{"items":[{"items":["minecraft:red_dye"]}]}},
"minecraft:green_dye":{"trigger":"minecraft:inventory_changed","conditions":{"items":[{"items":["minecraft:green_dye"]}]}},
"minecraft:blue_dye":{"trigger":"minecraft:inventory_changed","conditions":{"items":[{"items":["minecraft:blue_dye"]}]}},
"minecraft:yellow_dye":{"trigger":"minecraft:inventory_changed","conditions":{"items":[{"items":["minecraft:yellow_dye"]}]}},
"minecraft:black_dye":{"trigger":"minecraft:inventory_changed","conditions":{"items":[{"items":["minecraft:black_dye"]}]}},
"minecraft:white_dye":{"trigger":"minecraft:inventory_changed","conditions":{"items":[{"items":["minecraft:white_dye"]}]}},
"minecraft:brown_dye":{"trigger":"minecraft:inventory_changed","conditions":{"items":[{"items":["minecraft:brown_dye"]}]}},
"minecraft:cyan_dye":{"trigger":"minecraft:inventory_changed","conditions":{"items":[{"items":["minecraft:cyan_dye"]}]}},
"minecraft:light_gray_dye":{"trigger":"minecraft:inventory_changed","conditions":{"items":[{"items":["minecraft:light_gray_dye"]}]}},
"minecraft:pink_dye":{"trigger":"minecraft:inventory_changed","conditions":{"items":[{"items":["minecraft:pink_dye"]}]}},
"minecraft:lime_dye":{"trigger":"minecraft:inventory_changed","conditions":{"items":[{"items":["minecraft:lime_dye"]}]}},
"minecraft:magenta_dye":{"trigger":"minecraft:inventory_changed","conditions":{"items":[{"items":["minecraft:magenta_dye"]}]}},
"minecraft:orange_dye":{"trigger":"minecraft:inventory_changed","conditions":{"items":[{"items":["minecraft:orange_dye"]}]}},
"minecraft:purple_dye":{"trigger":"minecraft:inventory_changed","conditions":{"items":[{"items":["minecraft:purple_dye"]}]}},
"minecraft:gray_dye":{"trigger":"minecraft:inventory_changed","conditions":{"items":[{"items":["minecraft:gray_dye"]}]}}

		},"requirements":[

["minecraft:light_blue_dye",
"minecraft:red_dye",
"minecraft:green_dye",
"minecraft:blue_dye",
"minecraft:yellow_dye",
"minecraft:black_dye",
"minecraft:white_dye",
"minecraft:brown_dye",
"minecraft:cyan_dye",
"minecraft:light_gray_dye",
"minecraft:pink_dye",
"minecraft:lime_dye",
"minecraft:magenta_dye",
"minecraft:orange_dye",
"minecraft:purple_dye",
"minecraft:gray_dye"]
		]}
