		{"parent":
"all_item:work/craft/root",
		"display":{"icon":{"item":
"minecraft:leather"
		},"title":
"原料科",
		"description":"","frame":"task","show_toast":true,"announce_to_chat":true,
		"hidden":false},"criteria":{

"minecraft:leather":{"trigger":"minecraft:inventory_changed","conditions":{"items":[{"items":["minecraft:leather"]}]}},
"minecraft:rabbit_hide":{"trigger":"minecraft:inventory_changed","conditions":{"items":[{"items":["minecraft:rabbit_hide"]}]}},
"minecraft:ender_eye":{"trigger":"minecraft:inventory_changed","conditions":{"items":[{"items":["minecraft:ender_eye"]}]}},
"minecraft:popped_chorus_fruit":{"trigger":"minecraft:inventory_changed","conditions":{"items":[{"items":["minecraft:popped_chorus_fruit"]}]}},
"minecraft:prismarine_shard":{"trigger":"minecraft:inventory_changed","conditions":{"items":[{"items":["minecraft:prismarine_shard"]}]}},
"minecraft:prismarine_crystals":{"trigger":"minecraft:inventory_changed","conditions":{"items":[{"items":["minecraft:prismarine_crystals"]}]}},
"minecraft:feather":{"trigger":"minecraft:inventory_changed","conditions":{"items":[{"items":["minecraft:feather"]}]}},
"minecraft:flint":{"trigger":"minecraft:inventory_changed","conditions":{"items":[{"items":["minecraft:flint"]}]}},
"minecraft:ink_sac":{"trigger":"minecraft:inventory_changed","conditions":{"items":[{"items":["minecraft:ink_sac"]}]}},
"minecraft:glow_ink_sac":{"trigger":"minecraft:inventory_changed","conditions":{"items":[{"items":["minecraft:glow_ink_sac"]}]}}

		},"requirements":[

["minecraft:leather",
"minecraft:rabbit_hide",
"minecraft:ender_eye",
"minecraft:popped_chorus_fruit",
"minecraft:prismarine_shard",
"minecraft:prismarine_crystals",
"minecraft:feather",
"minecraft:flint",
"minecraft:ink_sac",
"minecraft:glow_ink_sac"]
		]}
