		{"parent":
"all_item:arm/fight/root",
		"display":{"icon":{"item":
"minecraft:arrow"
		},"title":
"弹药科",
		"description":"","frame":"task","show_toast":true,"announce_to_chat":true,
		"hidden":false},"criteria":{

"minecraft:arrow":{"trigger":"minecraft:inventory_changed","conditions":{"items":[{"items":["minecraft:arrow"]}]}},
"minecraft:tipped_arrow":{"trigger":"minecraft:inventory_changed","conditions":{"items":[{"items":["minecraft:tipped_arrow"]}]}},
"minecraft:spectral_arrow":{"trigger":"minecraft:inventory_changed","conditions":{"items":[{"items":["minecraft:spectral_arrow"]}]}},
"minecraft:fire_charge":{"trigger":"minecraft:inventory_changed","conditions":{"items":[{"items":["minecraft:fire_charge"]}]}},
"minecraft:firework_star":{"trigger":"minecraft:inventory_changed","conditions":{"items":[{"items":["minecraft:firework_star"]}]}},
"minecraft:firework_rocket":{"trigger":"minecraft:inventory_changed","conditions":{"items":[{"items":["minecraft:firework_rocket"]}]}},
"minecraft:end_crystal":{"trigger":"minecraft:inventory_changed","conditions":{"items":[{"items":["minecraft:end_crystal"]}]}},
"minecraft:tnt":{"trigger":"minecraft:inventory_changed","conditions":{"items":[{"items":["minecraft:tnt"]}]}}

		},"requirements":[

["minecraft:arrow",
"minecraft:tipped_arrow",
"minecraft:spectral_arrow",
"minecraft:fire_charge",
"minecraft:firework_star",
"minecraft:firework_rocket",
"minecraft:end_crystal",
"minecraft:tnt"]
		]}
