		{"parent":
"all_item:arm/fight/ammunition/_family",
		"display":{"icon":{"item":
"minecraft:arrow"
		},"title":
"箭属",
		"description":"","frame":"task","show_toast":true,"announce_to_chat":true,
		"hidden":false},"criteria":{

"minecraft:arrow":{"trigger":"minecraft:inventory_changed","conditions":{"items":[{"items":["minecraft:arrow"]}]}},
"minecraft:tipped_arrow":{"trigger":"minecraft:inventory_changed","conditions":{"items":[{"items":["minecraft:tipped_arrow"]}]}},
"minecraft:spectral_arrow":{"trigger":"minecraft:inventory_changed","conditions":{"items":[{"items":["minecraft:spectral_arrow"]}]}}

		},"requirements":[

["minecraft:arrow"],
["minecraft:tipped_arrow"],
["minecraft:spectral_arrow"]
		]}
