		{"parent":
"all_item:stone/sand/root",
		"display":{"icon":{"item":
"minecraft:snow"
		},"title":
"雪科",
		"description":"","frame":"task","show_toast":true,"announce_to_chat":true,
		"hidden":false},"criteria":{

"minecraft:snow":{"trigger":"minecraft:inventory_changed","conditions":{"items":[{"items":["minecraft:snow"]}]}},
"minecraft:snowball":{"trigger":"minecraft:inventory_changed","conditions":{"items":[{"items":["minecraft:snowball"]}]}},
"minecraft:snow_block":{"trigger":"minecraft:inventory_changed","conditions":{"items":[{"items":["minecraft:snow_block"]}]}}

		},"requirements":[

["minecraft:snow",
"minecraft:snowball",
"minecraft:snow_block"]
		]}
