		{"display":{"icon":{"item":
"minecraft:skeleton_skull"
		},"title":
"怪物目",
		"description":"","frame":"task","background":"minecraft:textures/gui/advancements/backgrounds/stone.png",
        "show_toast":true,"announce_to_chat":true,"hidden":false},"criteria":{

"minecraft:skeleton_skull":{"trigger":"minecraft:inventory_changed","conditions":{"items":[{"items":["minecraft:skeleton_skull"]}]}},
"minecraft:wither_skeleton_skull":{"trigger":"minecraft:inventory_changed","conditions":{"items":[{"items":["minecraft:wither_skeleton_skull"]}]}},
"minecraft:zombie_head":{"trigger":"minecraft:inventory_changed","conditions":{"items":[{"items":["minecraft:zombie_head"]}]}},
"minecraft:creeper_head":{"trigger":"minecraft:inventory_changed","conditions":{"items":[{"items":["minecraft:creeper_head"]}]}},
"minecraft:dragon_head":{"trigger":"minecraft:inventory_changed","conditions":{"items":[{"items":["minecraft:dragon_head"]}]}},
"minecraft:bone":{"trigger":"minecraft:inventory_changed","conditions":{"items":[{"items":["minecraft:bone"]}]}},
"minecraft:bone_meal":{"trigger":"minecraft:inventory_changed","conditions":{"items":[{"items":["minecraft:bone_meal"]}]}},
"minecraft:bone_block":{"trigger":"minecraft:inventory_changed","conditions":{"items":[{"items":["minecraft:bone_block"]}]}},
"minecraft:dragon_egg":{"trigger":"minecraft:inventory_changed","conditions":{"items":[{"items":["minecraft:dragon_egg"]}]}}

		},"requirements":[

["minecraft:skeleton_skull",
"minecraft:wither_skeleton_skull",
"minecraft:zombie_head",
"minecraft:creeper_head",
"minecraft:dragon_head",
"minecraft:bone",
"minecraft:bone_meal",
"minecraft:bone_block",
"minecraft:dragon_egg"]
		]}
