		{"parent":
"all_item:stone/stone/root",
		"display":{"icon":{"item":
"minecraft:blackstone"
		},"title":
"黑石科",
		"description":"","frame":"task","show_toast":true,"announce_to_chat":true,
		"hidden":false},"criteria":{

"minecraft:blackstone":{"trigger":"minecraft:inventory_changed","conditions":{"items":[{"items":["minecraft:blackstone"]}]}},
"minecraft:gilded_blackstone":{"trigger":"minecraft:inventory_changed","conditions":{"items":[{"items":["minecraft:gilded_blackstone"]}]}},
"minecraft:polished_blackstone":{"trigger":"minecraft:inventory_changed","conditions":{"items":[{"items":["minecraft:polished_blackstone"]}]}},
"minecraft:chiseled_polished_blackstone":{"trigger":"minecraft:inventory_changed","conditions":{"items":[{"items":["minecraft:chiseled_polished_blackstone"]}]}},
"minecraft:polished_blackstone_bricks":{"trigger":"minecraft:inventory_changed","conditions":{"items":[{"items":["minecraft:polished_blackstone_bricks"]}]}},
"minecraft:cracked_polished_blackstone_bricks":{"trigger":"minecraft:inventory_changed","conditions":{"items":[{"items":["minecraft:cracked_polished_blackstone_bricks"]}]}}

		},"requirements":[

["minecraft:blackstone",
"minecraft:gilded_blackstone",
"minecraft:polished_blackstone",
"minecraft:chiseled_polished_blackstone",
"minecraft:polished_blackstone_bricks",
"minecraft:cracked_polished_blackstone_bricks"]
		]}
