		{"parent":
"all_item:stone/stone/blackstone/_family",
		"display":{"icon":{"item":
"minecraft:polished_blackstone"
		},"title":
"磨制黑石属",
		"description":"","frame":"task","show_toast":true,"announce_to_chat":true,
		"hidden":false},"criteria":{

"minecraft:polished_blackstone":{"trigger":"minecraft:inventory_changed","conditions":{"items":[{"items":["minecraft:polished_blackstone"]}]}},
"minecraft:chiseled_polished_blackstone":{"trigger":"minecraft:inventory_changed","conditions":{"items":[{"items":["minecraft:chiseled_polished_blackstone"]}]}}

		},"requirements":[

["minecraft:polished_blackstone"],
["minecraft:chiseled_polished_blackstone"]
		]}
