		{"parent":
"all_item:stone/stone/blackstone/_family",
		"display":{"icon":{"item":
"minecraft:polished_blackstone_bricks"
		},"title":
"磨制黑石砖属",
		"description":"","frame":"task","show_toast":true,"announce_to_chat":true,
		"hidden":false},"criteria":{

"minecraft:polished_blackstone_bricks":{"trigger":"minecraft:inventory_changed","conditions":{"items":[{"items":["minecraft:polished_blackstone_bricks"]}]}},
"minecraft:cracked_polished_blackstone_bricks":{"trigger":"minecraft:inventory_changed","conditions":{"items":[{"items":["minecraft:cracked_polished_blackstone_bricks"]}]}}

		},"requirements":[

["minecraft:polished_blackstone_bricks"],
["minecraft:cracked_polished_blackstone_bricks"]
		]}
