		{"parent":
"all_item:arm/food/root",
		"display":{"icon":{"item":
"minecraft:cooked_porkchop"
		},"title":
"动食科",
		"description":"","frame":"task","show_toast":true,"announce_to_chat":true,
		"hidden":false},"criteria":{

"minecraft:cooked_porkchop":{"trigger":"minecraft:inventory_changed","conditions":{"items":[{"items":["minecraft:cooked_porkchop"]}]}},
"minecraft:porkchop":{"trigger":"minecraft:inventory_changed","conditions":{"items":[{"items":["minecraft:porkchop"]}]}},
"minecraft:chicken":{"trigger":"minecraft:inventory_changed","conditions":{"items":[{"items":["minecraft:chicken"]}]}},
"minecraft:cooked_chicken":{"trigger":"minecraft:inventory_changed","conditions":{"items":[{"items":["minecraft:cooked_chicken"]}]}},
"minecraft:rabbit":{"trigger":"minecraft:inventory_changed","conditions":{"items":[{"items":["minecraft:rabbit"]}]}},
"minecraft:cooked_rabbit":{"trigger":"minecraft:inventory_changed","conditions":{"items":[{"items":["minecraft:cooked_rabbit"]}]}},
"minecraft:mutton":{"trigger":"minecraft:inventory_changed","conditions":{"items":[{"items":["minecraft:mutton"]}]}},
"minecraft:cooked_mutton":{"trigger":"minecraft:inventory_changed","conditions":{"items":[{"items":["minecraft:cooked_mutton"]}]}},
"minecraft:cod":{"trigger":"minecraft:inventory_changed","conditions":{"items":[{"items":["minecraft:cod"]}]}},
"minecraft:salmon":{"trigger":"minecraft:inventory_changed","conditions":{"items":[{"items":["minecraft:salmon"]}]}},
"minecraft:tropical_fish":{"trigger":"minecraft:inventory_changed","conditions":{"items":[{"items":["minecraft:tropical_fish"]}]}},
"minecraft:cooked_cod":{"trigger":"minecraft:inventory_changed","conditions":{"items":[{"items":["minecraft:cooked_cod"]}]}},
"minecraft:cooked_salmon":{"trigger":"minecraft:inventory_changed","conditions":{"items":[{"items":["minecraft:cooked_salmon"]}]}},
"minecraft:beef":{"trigger":"minecraft:inventory_changed","conditions":{"items":[{"items":["minecraft:beef"]}]}},
"minecraft:cooked_beef":{"trigger":"minecraft:inventory_changed","conditions":{"items":[{"items":["minecraft:cooked_beef"]}]}}

		},"requirements":[

["minecraft:cooked_porkchop",
"minecraft:porkchop",
"minecraft:chicken",
"minecraft:cooked_chicken",
"minecraft:rabbit",
"minecraft:cooked_rabbit",
"minecraft:mutton",
"minecraft:cooked_mutton",
"minecraft:cod",
"minecraft:salmon",
"minecraft:tropical_fish",
"minecraft:cooked_cod",
"minecraft:cooked_salmon",
"minecraft:beef",
"minecraft:cooked_beef"]
		]}
