		{"parent":
"all_item:work/mine/root",
		"display":{"icon":{"item":
"minecraft:iron_block"
		},"title":
"矿物方块科",
		"description":"","frame":"task","show_toast":true,"announce_to_chat":true,
		"hidden":false},"criteria":{

"minecraft:iron_block":{"trigger":"minecraft:inventory_changed","conditions":{"items":[{"items":["minecraft:iron_block"]}]}},
"minecraft:copper_block":{"trigger":"minecraft:inventory_changed","conditions":{"items":[{"items":["minecraft:copper_block"]}]}},
"minecraft:cut_copper":{"trigger":"minecraft:inventory_changed","conditions":{"items":[{"items":["minecraft:cut_copper"]}]}},
"minecraft:exposed_copper":{"trigger":"minecraft:inventory_changed","conditions":{"items":[{"items":["minecraft:exposed_copper"]}]}},
"minecraft:exposed_cut_copper":{"trigger":"minecraft:inventory_changed","conditions":{"items":[{"items":["minecraft:exposed_cut_copper"]}]}},
"minecraft:oxidized_copper":{"trigger":"minecraft:inventory_changed","conditions":{"items":[{"items":["minecraft:oxidized_copper"]}]}},
"minecraft:oxidized_cut_copper":{"trigger":"minecraft:inventory_changed","conditions":{"items":[{"items":["minecraft:oxidized_cut_copper"]}]}},
"minecraft:waxed_copper_block":{"trigger":"minecraft:inventory_changed","conditions":{"items":[{"items":["minecraft:waxed_copper_block"]}]}},
"minecraft:waxed_cut_copper":{"trigger":"minecraft:inventory_changed","conditions":{"items":[{"items":["minecraft:waxed_cut_copper"]}]}},
"minecraft:waxed_exposed_copper":{"trigger":"minecraft:inventory_changed","conditions":{"items":[{"items":["minecraft:waxed_exposed_copper"]}]}},
"minecraft:waxed_exposed_cut_copper":{"trigger":"minecraft:inventory_changed","conditions":{"items":[{"items":["minecraft:waxed_exposed_cut_copper"]}]}},
"minecraft:waxed_oxidized_copper":{"trigger":"minecraft:inventory_changed","conditions":{"items":[{"items":["minecraft:waxed_oxidized_copper"]}]}},
"minecraft:waxed_oxidized_cut_copper":{"trigger":"minecraft:inventory_changed","conditions":{"items":[{"items":["minecraft:waxed_oxidized_cut_copper"]}]}},
"minecraft:waxed_weathered_copper":{"trigger":"minecraft:inventory_changed","conditions":{"items":[{"items":["minecraft:waxed_weathered_copper"]}]}},
"minecraft:waxed_weathered_cut_copper":{"trigger":"minecraft:inventory_changed","conditions":{"items":[{"items":["minecraft:waxed_weathered_cut_copper"]}]}},
"minecraft:weathered_copper":{"trigger":"minecraft:inventory_changed","conditions":{"items":[{"items":["minecraft:weathered_copper"]}]}},
"minecraft:weathered_cut_copper":{"trigger":"minecraft:inventory_changed","conditions":{"items":[{"items":["minecraft:weathered_cut_copper"]}]}},
"minecraft:coal_block":{"trigger":"minecraft:inventory_changed","conditions":{"items":[{"items":["minecraft:coal_block"]}]}},
"minecraft:lapis_block":{"trigger":"minecraft:inventory_changed","conditions":{"items":[{"items":["minecraft:lapis_block"]}]}},
"minecraft:diamond_block":{"trigger":"minecraft:inventory_changed","conditions":{"items":[{"items":["minecraft:diamond_block"]}]}},
"minecraft:emerald_block":{"trigger":"minecraft:inventory_changed","conditions":{"items":[{"items":["minecraft:emerald_block"]}]}},
"minecraft:gold_block":{"trigger":"minecraft:inventory_changed","conditions":{"items":[{"items":["minecraft:gold_block"]}]}},
"minecraft:netherite_block":{"trigger":"minecraft:inventory_changed","conditions":{"items":[{"items":["minecraft:netherite_block"]}]}},
"minecraft:quartz_block":{"trigger":"minecraft:inventory_changed","conditions":{"items":[{"items":["minecraft:quartz_block"]}]}},
"minecraft:chiseled_quartz_block":{"trigger":"minecraft:inventory_changed","conditions":{"items":[{"items":["minecraft:chiseled_quartz_block"]}]}},
"minecraft:quartz_bricks":{"trigger":"minecraft:inventory_changed","conditions":{"items":[{"items":["minecraft:quartz_bricks"]}]}},
"minecraft:quartz_pillar":{"trigger":"minecraft:inventory_changed","conditions":{"items":[{"items":["minecraft:quartz_pillar"]}]}},
"minecraft:smooth_quartz":{"trigger":"minecraft:inventory_changed","conditions":{"items":[{"items":["minecraft:smooth_quartz"]}]}},
"minecraft:amethyst_block":{"trigger":"minecraft:inventory_changed","conditions":{"items":[{"items":["minecraft:amethyst_block"]}]}}

		},"requirements":[

["minecraft:iron_block",
"minecraft:copper_block",
"minecraft:cut_copper",
"minecraft:exposed_copper",
"minecraft:exposed_cut_copper",
"minecraft:oxidized_copper",
"minecraft:oxidized_cut_copper",
"minecraft:waxed_copper_block",
"minecraft:waxed_cut_copper",
"minecraft:waxed_exposed_copper",
"minecraft:waxed_exposed_cut_copper",
"minecraft:waxed_oxidized_copper",
"minecraft:waxed_oxidized_cut_copper",
"minecraft:waxed_weathered_copper",
"minecraft:waxed_weathered_cut_copper",
"minecraft:weathered_copper",
"minecraft:weathered_cut_copper",
"minecraft:coal_block",
"minecraft:lapis_block",
"minecraft:diamond_block",
"minecraft:emerald_block",
"minecraft:gold_block",
"minecraft:netherite_block",
"minecraft:quartz_block",
"minecraft:chiseled_quartz_block",
"minecraft:quartz_bricks",
"minecraft:quartz_pillar",
"minecraft:smooth_quartz",
"minecraft:amethyst_block"]
		]}
