		{"parent":
"all_item:stone/dirt/root",
		"display":{"icon":{"item":
"minecraft:brick"
		},"title":
"砖科",
		"description":"","frame":"task","show_toast":true,"announce_to_chat":true,
		"hidden":false},"criteria":{

"minecraft:brick":{"trigger":"minecraft:inventory_changed","conditions":{"items":[{"items":["minecraft:brick"]}]}},
"minecraft:clay_ball":{"trigger":"minecraft:inventory_changed","conditions":{"items":[{"items":["minecraft:clay_ball"]}]}},
"minecraft:clay":{"trigger":"minecraft:inventory_changed","conditions":{"items":[{"items":["minecraft:clay"]}]}},
"minecraft:bricks":{"trigger":"minecraft:inventory_changed","conditions":{"items":[{"items":["minecraft:bricks"]}]}},
"minecraft:nether_brick":{"trigger":"minecraft:inventory_changed","conditions":{"items":[{"items":["minecraft:nether_brick"]}]}},
"minecraft:nether_bricks":{"trigger":"minecraft:inventory_changed","conditions":{"items":[{"items":["minecraft:nether_bricks"]}]}},
"minecraft:red_nether_bricks":{"trigger":"minecraft:inventory_changed","conditions":{"items":[{"items":["minecraft:red_nether_bricks"]}]}},
"minecraft:chiseled_nether_bricks":{"trigger":"minecraft:inventory_changed","conditions":{"items":[{"items":["minecraft:chiseled_nether_bricks"]}]}},
"minecraft:cracked_nether_bricks":{"trigger":"minecraft:inventory_changed","conditions":{"items":[{"items":["minecraft:cracked_nether_bricks"]}]}}

		},"requirements":[

["minecraft:brick",
"minecraft:clay_ball",
"minecraft:clay",
"minecraft:bricks",
"minecraft:nether_brick",
"minecraft:nether_bricks",
"minecraft:red_nether_bricks",
"minecraft:chiseled_nether_bricks",
"minecraft:cracked_nether_bricks"]
		]}
