		{"parent":
"all_item:stone/dirt/brick/_family",
		"display":{"icon":{"item":
"minecraft:nether_bricks"
		},"title":
"下界砖块属",
		"description":"","frame":"task","show_toast":true,"announce_to_chat":true,
		"hidden":false},"criteria":{

"minecraft:nether_bricks":{"trigger":"minecraft:inventory_changed","conditions":{"items":[{"items":["minecraft:nether_bricks"]}]}},
"minecraft:red_nether_bricks":{"trigger":"minecraft:inventory_changed","conditions":{"items":[{"items":["minecraft:red_nether_bricks"]}]}},
"minecraft:chiseled_nether_bricks":{"trigger":"minecraft:inventory_changed","conditions":{"items":[{"items":["minecraft:chiseled_nether_bricks"]}]}},
"minecraft:cracked_nether_bricks":{"trigger":"minecraft:inventory_changed","conditions":{"items":[{"items":["minecraft:cracked_nether_bricks"]}]}}

		},"requirements":[

["minecraft:nether_bricks"],
["minecraft:red_nether_bricks"],
["minecraft:chiseled_nether_bricks"],
["minecraft:cracked_nether_bricks"]
		]}
