		{"parent":
"all_item:life/aminal/root",
		"display":{"icon":{"item":
"minecraft:egg"
		},"title":
"蛋科",
		"description":"","frame":"task","show_toast":true,"announce_to_chat":true,
		"hidden":false},"criteria":{

"minecraft:egg":{"trigger":"minecraft:inventory_changed","conditions":{"items":[{"items":["minecraft:egg"]}]}},
"minecraft:turtle_egg":{"trigger":"minecraft:inventory_changed","conditions":{"items":[{"items":["minecraft:turtle_egg"]}]}}

		},"requirements":[

["minecraft:egg",
"minecraft:turtle_egg"]
		]}
