        {"display":{"icon":{"item":
"minecraft:player_head"
		},"title":
"全物品收集完成!",
		"description":"","frame":"challenge","background":"minecraft:textures/gui/advancements/backgrounds/adventure.png",
        "show_toast":true,"announce_to_chat":true,"hidden":false},"criteria":{

"11":{"trigger":"minecraft:effects_changed","conditions":{"effects":{"minecraft:luck":{"amplifier":11}}}},
"12":{"trigger":"minecraft:effects_changed","conditions":{"effects":{"minecraft:luck":{"amplifier":12}}}},
"13":{"trigger":"minecraft:effects_changed","conditions":{"effects":{"minecraft:luck":{"amplifier":13}}}},
"14":{"trigger":"minecraft:effects_changed","conditions":{"effects":{"minecraft:luck":{"amplifier":14}}}},
"15":{"trigger":"minecraft:effects_changed","conditions":{"effects":{"minecraft:luck":{"amplifier":15}}}}

		},"requirements":[

["11"],
["12"],
["13"],
["14"],
["15"]
		]}
