		{"parent":
"all_item:all/root",
		"display":{"icon":{"item":
"minecraft:diamond_chestplate"
		},"title":
"军需纲",
		"description":"","frame":"challenge","show_toast":true,"announce_to_chat":true,
		"hidden":false},"criteria":{

"minecraft:diamond_chestplate":{"trigger":"minecraft:inventory_changed","conditions":{"items":[{"items":["minecraft:diamond_chestplate"]}]}},
"minecraft:iron_chestplate":{"trigger":"minecraft:inventory_changed","conditions":{"items":[{"items":["minecraft:iron_chestplate"]}]}},
"minecraft:chainmail_chestplate":{"trigger":"minecraft:inventory_changed","conditions":{"items":[{"items":["minecraft:chainmail_chestplate"]}]}},
"minecraft:golden_chestplate":{"trigger":"minecraft:inventory_changed","conditions":{"items":[{"items":["minecraft:golden_chestplate"]}]}},
"minecraft:netherite_chestplate":{"trigger":"minecraft:inventory_changed","conditions":{"items":[{"items":["minecraft:netherite_chestplate"]}]}},
"minecraft:leather_chestplate":{"trigger":"minecraft:inventory_changed","conditions":{"items":[{"items":["minecraft:leather_chestplate"]}]}},
"minecraft:diamond_helmet":{"trigger":"minecraft:inventory_changed","conditions":{"items":[{"items":["minecraft:diamond_helmet"]}]}},
"minecraft:iron_helmet":{"trigger":"minecraft:inventory_changed","conditions":{"items":[{"items":["minecraft:iron_helmet"]}]}},
"minecraft:turtle_helmet":{"trigger":"minecraft:inventory_changed","conditions":{"items":[{"items":["minecraft:turtle_helmet"]}]}},
"minecraft:chainmail_helmet":{"trigger":"minecraft:inventory_changed","conditions":{"items":[{"items":["minecraft:chainmail_helmet"]}]}},
"minecraft:golden_helmet":{"trigger":"minecraft:inventory_changed","conditions":{"items":[{"items":["minecraft:golden_helmet"]}]}},
"minecraft:netherite_helmet":{"trigger":"minecraft:inventory_changed","conditions":{"items":[{"items":["minecraft:netherite_helmet"]}]}},
"minecraft:leather_helmet":{"trigger":"minecraft:inventory_changed","conditions":{"items":[{"items":["minecraft:leather_helmet"]}]}},
"minecraft:scute":{"trigger":"minecraft:inventory_changed","conditions":{"items":[{"items":["minecraft:scute"]}]}},
"minecraft:diamond_leggings":{"trigger":"minecraft:inventory_changed","conditions":{"items":[{"items":["minecraft:diamond_leggings"]}]}},
"minecraft:iron_leggings":{"trigger":"minecraft:inventory_changed","conditions":{"items":[{"items":["minecraft:iron_leggings"]}]}},
"minecraft:chainmail_leggings":{"trigger":"minecraft:inventory_changed","conditions":{"items":[{"items":["minecraft:chainmail_leggings"]}]}},
"minecraft:golden_leggings":{"trigger":"minecraft:inventory_changed","conditions":{"items":[{"items":["minecraft:golden_leggings"]}]}},
"minecraft:netherite_leggings":{"trigger":"minecraft:inventory_changed","conditions":{"items":[{"items":["minecraft:netherite_leggings"]}]}},
"minecraft:leather_leggings":{"trigger":"minecraft:inventory_changed","conditions":{"items":[{"items":["minecraft:leather_leggings"]}]}},
"minecraft:diamond_boots":{"trigger":"minecraft:inventory_changed","conditions":{"items":[{"items":["minecraft:diamond_boots"]}]}},
"minecraft:iron_boots":{"trigger":"minecraft:inventory_changed","conditions":{"items":[{"items":["minecraft:iron_boots"]}]}},
"minecraft:chainmail_boots":{"trigger":"minecraft:inventory_changed","conditions":{"items":[{"items":["minecraft:chainmail_boots"]}]}},
"minecraft:golden_boots":{"trigger":"minecraft:inventory_changed","conditions":{"items":[{"items":["minecraft:golden_boots"]}]}},
"minecraft:netherite_boots":{"trigger":"minecraft:inventory_changed","conditions":{"items":[{"items":["minecraft:netherite_boots"]}]}},
"minecraft:leather_boots":{"trigger":"minecraft:inventory_changed","conditions":{"items":[{"items":["minecraft:leather_boots"]}]}},
"minecraft:totem_of_undying":{"trigger":"minecraft:inventory_changed","conditions":{"items":[{"items":["minecraft:totem_of_undying"]}]}},
"minecraft:diamond_sword":{"trigger":"minecraft:inventory_changed","conditions":{"items":[{"items":["minecraft:diamond_sword"]}]}},
"minecraft:iron_sword":{"trigger":"minecraft:inventory_changed","conditions":{"items":[{"items":["minecraft:iron_sword"]}]}},
"minecraft:wooden_sword":{"trigger":"minecraft:inventory_changed","conditions":{"items":[{"items":["minecraft:wooden_sword"]}]}},
"minecraft:stone_sword":{"trigger":"minecraft:inventory_changed","conditions":{"items":[{"items":["minecraft:stone_sword"]}]}},
"minecraft:golden_sword":{"trigger":"minecraft:inventory_changed","conditions":{"items":[{"items":["minecraft:golden_sword"]}]}},
"minecraft:netherite_sword":{"trigger":"minecraft:inventory_changed","conditions":{"items":[{"items":["minecraft:netherite_sword"]}]}},
"minecraft:trident":{"trigger":"minecraft:inventory_changed","conditions":{"items":[{"items":["minecraft:trident"]}]}},
"minecraft:crossbow":{"trigger":"minecraft:inventory_changed","conditions":{"items":[{"items":["minecraft:crossbow"]}]}},
"minecraft:bow":{"trigger":"minecraft:inventory_changed","conditions":{"items":[{"items":["minecraft:bow"]}]}},
"minecraft:shield":{"trigger":"minecraft:inventory_changed","conditions":{"items":[{"items":["minecraft:shield"]}]}},
"minecraft:arrow":{"trigger":"minecraft:inventory_changed","conditions":{"items":[{"items":["minecraft:arrow"]}]}},
"minecraft:tipped_arrow":{"trigger":"minecraft:inventory_changed","conditions":{"items":[{"items":["minecraft:tipped_arrow"]}]}},
"minecraft:spectral_arrow":{"trigger":"minecraft:inventory_changed","conditions":{"items":[{"items":["minecraft:spectral_arrow"]}]}},
"minecraft:fire_charge":{"trigger":"minecraft:inventory_changed","conditions":{"items":[{"items":["minecraft:fire_charge"]}]}},
"minecraft:firework_star":{"trigger":"minecraft:inventory_changed","conditions":{"items":[{"items":["minecraft:firework_star"]}]}},
"minecraft:firework_rocket":{"trigger":"minecraft:inventory_changed","conditions":{"items":[{"items":["minecraft:firework_rocket"]}]}},
"minecraft:end_crystal":{"trigger":"minecraft:inventory_changed","conditions":{"items":[{"items":["minecraft:end_crystal"]}]}},
"minecraft:tnt":{"trigger":"minecraft:inventory_changed","conditions":{"items":[{"items":["minecraft:tnt"]}]}},
"minecraft:apple":{"trigger":"minecraft:inventory_changed","conditions":{"items":[{"items":["minecraft:apple"]}]}},
"minecraft:golden_apple":{"trigger":"minecraft:inventory_changed","conditions":{"items":[{"items":["minecraft:golden_apple"]}]}},
"minecraft:enchanted_golden_apple":{"trigger":"minecraft:inventory_changed","conditions":{"items":[{"items":["minecraft:enchanted_golden_apple"]}]}},
"minecraft:potato":{"trigger":"minecraft:inventory_changed","conditions":{"items":[{"items":["minecraft:potato"]}]}},
"minecraft:baked_potato":{"trigger":"minecraft:inventory_changed","conditions":{"items":[{"items":["minecraft:baked_potato"]}]}},
"minecraft:poisonous_potato":{"trigger":"minecraft:inventory_changed","conditions":{"items":[{"items":["minecraft:poisonous_potato"]}]}},
"minecraft:beetroot":{"trigger":"minecraft:inventory_changed","conditions":{"items":[{"items":["minecraft:beetroot"]}]}},
"minecraft:bread":{"trigger":"minecraft:inventory_changed","conditions":{"items":[{"items":["minecraft:bread"]}]}},
"minecraft:cookie":{"trigger":"minecraft:inventory_changed","conditions":{"items":[{"items":["minecraft:cookie"]}]}},
"minecraft:melon_slice":{"trigger":"minecraft:inventory_changed","conditions":{"items":[{"items":["minecraft:melon_slice"]}]}},
"minecraft:dried_kelp":{"trigger":"minecraft:inventory_changed","conditions":{"items":[{"items":["minecraft:dried_kelp"]}]}},
"minecraft:melon":{"trigger":"minecraft:inventory_changed","conditions":{"items":[{"items":["minecraft:melon"]}]}},
"minecraft:sweet_berries":{"trigger":"minecraft:inventory_changed","conditions":{"items":[{"items":["minecraft:sweet_berries"]}]}},
"minecraft:dried_kelp_block":{"trigger":"minecraft:inventory_changed","conditions":{"items":[{"items":["minecraft:dried_kelp_block"]}]}},
"minecraft:pumpkin_pie":{"trigger":"minecraft:inventory_changed","conditions":{"items":[{"items":["minecraft:pumpkin_pie"]}]}},
"minecraft:carrot":{"trigger":"minecraft:inventory_changed","conditions":{"items":[{"items":["minecraft:carrot"]}]}},
"minecraft:cooked_porkchop":{"trigger":"minecraft:inventory_changed","conditions":{"items":[{"items":["minecraft:cooked_porkchop"]}]}},
"minecraft:porkchop":{"trigger":"minecraft:inventory_changed","conditions":{"items":[{"items":["minecraft:porkchop"]}]}},
"minecraft:chicken":{"trigger":"minecraft:inventory_changed","conditions":{"items":[{"items":["minecraft:chicken"]}]}},
"minecraft:cooked_chicken":{"trigger":"minecraft:inventory_changed","conditions":{"items":[{"items":["minecraft:cooked_chicken"]}]}},
"minecraft:rabbit":{"trigger":"minecraft:inventory_changed","conditions":{"items":[{"items":["minecraft:rabbit"]}]}},
"minecraft:cooked_rabbit":{"trigger":"minecraft:inventory_changed","conditions":{"items":[{"items":["minecraft:cooked_rabbit"]}]}},
"minecraft:mutton":{"trigger":"minecraft:inventory_changed","conditions":{"items":[{"items":["minecraft:mutton"]}]}},
"minecraft:cooked_mutton":{"trigger":"minecraft:inventory_changed","conditions":{"items":[{"items":["minecraft:cooked_mutton"]}]}},
"minecraft:cod":{"trigger":"minecraft:inventory_changed","conditions":{"items":[{"items":["minecraft:cod"]}]}},
"minecraft:salmon":{"trigger":"minecraft:inventory_changed","conditions":{"items":[{"items":["minecraft:salmon"]}]}},
"minecraft:tropical_fish":{"trigger":"minecraft:inventory_changed","conditions":{"items":[{"items":["minecraft:tropical_fish"]}]}},
"minecraft:cooked_cod":{"trigger":"minecraft:inventory_changed","conditions":{"items":[{"items":["minecraft:cooked_cod"]}]}},
"minecraft:cooked_salmon":{"trigger":"minecraft:inventory_changed","conditions":{"items":[{"items":["minecraft:cooked_salmon"]}]}},
"minecraft:beef":{"trigger":"minecraft:inventory_changed","conditions":{"items":[{"items":["minecraft:beef"]}]}},
"minecraft:cooked_beef":{"trigger":"minecraft:inventory_changed","conditions":{"items":[{"items":["minecraft:cooked_beef"]}]}},
"minecraft:mushroom_stew":{"trigger":"minecraft:inventory_changed","conditions":{"items":[{"items":["minecraft:mushroom_stew"]}]}},
"minecraft:bowl":{"trigger":"minecraft:inventory_changed","conditions":{"items":[{"items":["minecraft:bowl"]}]}},
"minecraft:beetroot_soup":{"trigger":"minecraft:inventory_changed","conditions":{"items":[{"items":["minecraft:beetroot_soup"]}]}},
"minecraft:rabbit_stew":{"trigger":"minecraft:inventory_changed","conditions":{"items":[{"items":["minecraft:rabbit_stew"]}]}},
"minecraft:rotten_flesh":{"trigger":"minecraft:inventory_changed","conditions":{"items":[{"items":["minecraft:rotten_flesh"]}]}},
"minecraft:cake":{"trigger":"minecraft:inventory_changed","conditions":{"items":[{"items":["minecraft:cake"]}]}},
"minecraft:diamond_pickaxe":{"trigger":"minecraft:inventory_changed","conditions":{"items":[{"items":["minecraft:diamond_pickaxe"]}]}},
"minecraft:wooden_pickaxe":{"trigger":"minecraft:inventory_changed","conditions":{"items":[{"items":["minecraft:wooden_pickaxe"]}]}},
"minecraft:stone_pickaxe":{"trigger":"minecraft:inventory_changed","conditions":{"items":[{"items":["minecraft:stone_pickaxe"]}]}},
"minecraft:golden_pickaxe":{"trigger":"minecraft:inventory_changed","conditions":{"items":[{"items":["minecraft:golden_pickaxe"]}]}},
"minecraft:netherite_pickaxe":{"trigger":"minecraft:inventory_changed","conditions":{"items":[{"items":["minecraft:netherite_pickaxe"]}]}},
"minecraft:iron_pickaxe":{"trigger":"minecraft:inventory_changed","conditions":{"items":[{"items":["minecraft:iron_pickaxe"]}]}},
"minecraft:diamond_axe":{"trigger":"minecraft:inventory_changed","conditions":{"items":[{"items":["minecraft:diamond_axe"]}]}},
"minecraft:wooden_axe":{"trigger":"minecraft:inventory_changed","conditions":{"items":[{"items":["minecraft:wooden_axe"]}]}},
"minecraft:stone_axe":{"trigger":"minecraft:inventory_changed","conditions":{"items":[{"items":["minecraft:stone_axe"]}]}},
"minecraft:golden_axe":{"trigger":"minecraft:inventory_changed","conditions":{"items":[{"items":["minecraft:golden_axe"]}]}},
"minecraft:iron_axe":{"trigger":"minecraft:inventory_changed","conditions":{"items":[{"items":["minecraft:iron_axe"]}]}},
"minecraft:netherite_axe":{"trigger":"minecraft:inventory_changed","conditions":{"items":[{"items":["minecraft:netherite_axe"]}]}},
"minecraft:diamond_shovel":{"trigger":"minecraft:inventory_changed","conditions":{"items":[{"items":["minecraft:diamond_shovel"]}]}},
"minecraft:wooden_shovel":{"trigger":"minecraft:inventory_changed","conditions":{"items":[{"items":["minecraft:wooden_shovel"]}]}},
"minecraft:stone_shovel":{"trigger":"minecraft:inventory_changed","conditions":{"items":[{"items":["minecraft:stone_shovel"]}]}},
"minecraft:golden_shovel":{"trigger":"minecraft:inventory_changed","conditions":{"items":[{"items":["minecraft:golden_shovel"]}]}},
"minecraft:netherite_shovel":{"trigger":"minecraft:inventory_changed","conditions":{"items":[{"items":["minecraft:netherite_shovel"]}]}},
"minecraft:iron_shovel":{"trigger":"minecraft:inventory_changed","conditions":{"items":[{"items":["minecraft:iron_shovel"]}]}},
"minecraft:diamond_hoe":{"trigger":"minecraft:inventory_changed","conditions":{"items":[{"items":["minecraft:diamond_hoe"]}]}},
"minecraft:wooden_hoe":{"trigger":"minecraft:inventory_changed","conditions":{"items":[{"items":["minecraft:wooden_hoe"]}]}},
"minecraft:stone_hoe":{"trigger":"minecraft:inventory_changed","conditions":{"items":[{"items":["minecraft:stone_hoe"]}]}},
"minecraft:golden_hoe":{"trigger":"minecraft:inventory_changed","conditions":{"items":[{"items":["minecraft:golden_hoe"]}]}},
"minecraft:netherite_hoe":{"trigger":"minecraft:inventory_changed","conditions":{"items":[{"items":["minecraft:netherite_hoe"]}]}},
"minecraft:iron_hoe":{"trigger":"minecraft:inventory_changed","conditions":{"items":[{"items":["minecraft:iron_hoe"]}]}},
"minecraft:bucket":{"trigger":"minecraft:inventory_changed","conditions":{"items":[{"items":["minecraft:bucket"]}]}},
"minecraft:water_bucket":{"trigger":"minecraft:inventory_changed","conditions":{"items":[{"items":["minecraft:water_bucket"]}]}},
"minecraft:lava_bucket":{"trigger":"minecraft:inventory_changed","conditions":{"items":[{"items":["minecraft:lava_bucket"]}]}},
"minecraft:milk_bucket":{"trigger":"minecraft:inventory_changed","conditions":{"items":[{"items":["minecraft:milk_bucket"]}]}},
"minecraft:powder_snow_bucket":{"trigger":"minecraft:inventory_changed","conditions":{"items":[{"items":["minecraft:powder_snow_bucket"]}]}},
"minecraft:salmon_bucket":{"trigger":"minecraft:inventory_changed","conditions":{"items":[{"items":["minecraft:salmon_bucket"]}]}},
"minecraft:cod_bucket":{"trigger":"minecraft:inventory_changed","conditions":{"items":[{"items":["minecraft:cod_bucket"]}]}},
"minecraft:pufferfish_bucket":{"trigger":"minecraft:inventory_changed","conditions":{"items":[{"items":["minecraft:pufferfish_bucket"]}]}},
"minecraft:tropical_fish_bucket":{"trigger":"minecraft:inventory_changed","conditions":{"items":[{"items":["minecraft:tropical_fish_bucket"]}]}},
"minecraft:axolotl_bucket":{"trigger":"minecraft:inventory_changed","conditions":{"items":[{"items":["minecraft:axolotl_bucket"]}]}},
"minecraft:tadpole_bucket":{"trigger":"minecraft:inventory_changed","conditions":{"items":[{"items":["minecraft:tadpole_bucket"]}]}},
"minecraft:shears":{"trigger":"minecraft:inventory_changed","conditions":{"items":[{"items":["minecraft:shears"]}]}},
"minecraft:flint_and_steel":{"trigger":"minecraft:inventory_changed","conditions":{"items":[{"items":["minecraft:flint_and_steel"]}]}},
"minecraft:spyglass":{"trigger":"minecraft:inventory_changed","conditions":{"items":[{"items":["minecraft:spyglass"]}]}},
"minecraft:lead":{"trigger":"minecraft:inventory_changed","conditions":{"items":[{"items":["minecraft:lead"]}]}},
"minecraft:book":{"trigger":"minecraft:inventory_changed","conditions":{"items":[{"items":["minecraft:book"]}]}},
"minecraft:writable_book":{"trigger":"minecraft:inventory_changed","conditions":{"items":[{"items":["minecraft:writable_book"]}]}},
"minecraft:written_book":{"trigger":"minecraft:inventory_changed","conditions":{"items":[{"items":["minecraft:written_book"]}]}},
"minecraft:paper":{"trigger":"minecraft:inventory_changed","conditions":{"items":[{"items":["minecraft:paper"]}]}},
"minecraft:map":{"trigger":"minecraft:inventory_changed","conditions":{"items":[{"items":["minecraft:map"]}]}},
"minecraft:filled_map":{"trigger":"minecraft:inventory_changed","conditions":{"items":[{"items":["minecraft:filled_map"]}]}},
"minecraft:compass":{"trigger":"minecraft:inventory_changed","conditions":{"items":[{"items":["minecraft:compass"]}]}},
"minecraft:echo_shard":{"trigger":"minecraft:inventory_changed","conditions":{"items":[{"items":["minecraft:echo_shard"]}]}},
"minecraft:recovery_compass":{"trigger":"minecraft:inventory_changed","conditions":{"items":[{"items":["minecraft:recovery_compass"]}]}},
"minecraft:clock":{"trigger":"minecraft:inventory_changed","conditions":{"items":[{"items":["minecraft:clock"]}]}},
"minecraft:item_frame":{"trigger":"minecraft:inventory_changed","conditions":{"items":[{"items":["minecraft:item_frame"]}]}},
"minecraft:glow_item_frame":{"trigger":"minecraft:inventory_changed","conditions":{"items":[{"items":["minecraft:glow_item_frame"]}]}},
"minecraft:birch_sign":{"trigger":"minecraft:inventory_changed","conditions":{"items":[{"items":["minecraft:birch_sign"]}]}},
"minecraft:acacia_sign":{"trigger":"minecraft:inventory_changed","conditions":{"items":[{"items":["minecraft:acacia_sign"]}]}},
"minecraft:dark_oak_sign":{"trigger":"minecraft:inventory_changed","conditions":{"items":[{"items":["minecraft:dark_oak_sign"]}]}},
"minecraft:crimson_sign":{"trigger":"minecraft:inventory_changed","conditions":{"items":[{"items":["minecraft:crimson_sign"]}]}},
"minecraft:jungle_sign":{"trigger":"minecraft:inventory_changed","conditions":{"items":[{"items":["minecraft:jungle_sign"]}]}},
"minecraft:oak_sign":{"trigger":"minecraft:inventory_changed","conditions":{"items":[{"items":["minecraft:oak_sign"]}]}},
"minecraft:spruce_sign":{"trigger":"minecraft:inventory_changed","conditions":{"items":[{"items":["minecraft:spruce_sign"]}]}},
"minecraft:warped_sign":{"trigger":"minecraft:inventory_changed","conditions":{"items":[{"items":["minecraft:warped_sign"]}]}},
"minecraft:mangrove_sign":{"trigger":"minecraft:inventory_changed","conditions":{"items":[{"items":["minecraft:mangrove_sign"]}]}},
"minecraft:name_tag":{"trigger":"minecraft:inventory_changed","conditions":{"items":[{"items":["minecraft:name_tag"]}]}},
"minecraft:painting":{"trigger":"minecraft:inventory_changed","conditions":{"items":[{"items":["minecraft:painting"]}]}}

		},"requirements":[

["minecraft:diamond_chestplate"],
["minecraft:iron_chestplate"],
["minecraft:chainmail_chestplate"],
["minecraft:golden_chestplate"],
["minecraft:netherite_chestplate"],
["minecraft:leather_chestplate"],
["minecraft:diamond_helmet"],
["minecraft:iron_helmet"],
["minecraft:turtle_helmet"],
["minecraft:chainmail_helmet"],
["minecraft:golden_helmet"],
["minecraft:netherite_helmet"],
["minecraft:leather_helmet"],
["minecraft:scute"],
["minecraft:diamond_leggings"],
["minecraft:iron_leggings"],
["minecraft:chainmail_leggings"],
["minecraft:golden_leggings"],
["minecraft:netherite_leggings"],
["minecraft:leather_leggings"],
["minecraft:diamond_boots"],
["minecraft:iron_boots"],
["minecraft:chainmail_boots"],
["minecraft:golden_boots"],
["minecraft:netherite_boots"],
["minecraft:leather_boots"],
["minecraft:totem_of_undying"],
["minecraft:diamond_sword"],
["minecraft:iron_sword"],
["minecraft:wooden_sword"],
["minecraft:stone_sword"],
["minecraft:golden_sword"],
["minecraft:netherite_sword"],
["minecraft:trident"],
["minecraft:crossbow"],
["minecraft:bow"],
["minecraft:shield"],
["minecraft:arrow"],
["minecraft:tipped_arrow"],
["minecraft:spectral_arrow"],
["minecraft:fire_charge"],
["minecraft:firework_star"],
["minecraft:firework_rocket"],
["minecraft:end_crystal"],
["minecraft:tnt"],
["minecraft:apple"],
["minecraft:golden_apple"],
["minecraft:enchanted_golden_apple"],
["minecraft:potato"],
["minecraft:baked_potato"],
["minecraft:poisonous_potato"],
["minecraft:beetroot"],
["minecraft:bread"],
["minecraft:cookie"],
["minecraft:melon_slice"],
["minecraft:dried_kelp"],
["minecraft:melon"],
["minecraft:sweet_berries"],
["minecraft:dried_kelp_block"],
["minecraft:pumpkin_pie"],
["minecraft:carrot"],
["minecraft:cooked_porkchop"],
["minecraft:porkchop"],
["minecraft:chicken"],
["minecraft:cooked_chicken"],
["minecraft:rabbit"],
["minecraft:cooked_rabbit"],
["minecraft:mutton"],
["minecraft:cooked_mutton"],
["minecraft:cod"],
["minecraft:salmon"],
["minecraft:tropical_fish"],
["minecraft:cooked_cod"],
["minecraft:cooked_salmon"],
["minecraft:beef"],
["minecraft:cooked_beef"],
["minecraft:mushroom_stew"],
["minecraft:bowl"],
["minecraft:beetroot_soup"],
["minecraft:rabbit_stew"],
["minecraft:rotten_flesh"],
["minecraft:cake"],
["minecraft:diamond_pickaxe"],
["minecraft:wooden_pickaxe"],
["minecraft:stone_pickaxe"],
["minecraft:golden_pickaxe"],
["minecraft:netherite_pickaxe"],
["minecraft:iron_pickaxe"],
["minecraft:diamond_axe"],
["minecraft:wooden_axe"],
["minecraft:stone_axe"],
["minecraft:golden_axe"],
["minecraft:iron_axe"],
["minecraft:netherite_axe"],
["minecraft:diamond_shovel"],
["minecraft:wooden_shovel"],
["minecraft:stone_shovel"],
["minecraft:golden_shovel"],
["minecraft:netherite_shovel"],
["minecraft:iron_shovel"],
["minecraft:diamond_hoe"],
["minecraft:wooden_hoe"],
["minecraft:stone_hoe"],
["minecraft:golden_hoe"],
["minecraft:netherite_hoe"],
["minecraft:iron_hoe"],
["minecraft:bucket"],
["minecraft:water_bucket"],
["minecraft:lava_bucket"],
["minecraft:milk_bucket"],
["minecraft:powder_snow_bucket"],
["minecraft:salmon_bucket"],
["minecraft:cod_bucket"],
["minecraft:pufferfish_bucket"],
["minecraft:tropical_fish_bucket"],
["minecraft:axolotl_bucket"],
["minecraft:tadpole_bucket"],
["minecraft:shears"],
["minecraft:flint_and_steel"],
["minecraft:spyglass"],
["minecraft:lead"],
["minecraft:book"],
["minecraft:writable_book"],
["minecraft:written_book"],
["minecraft:paper"],
["minecraft:map"],
["minecraft:filled_map"],
["minecraft:compass"],
["minecraft:echo_shard"],
["minecraft:recovery_compass"],
["minecraft:clock"],
["minecraft:item_frame"],
["minecraft:glow_item_frame"],
["minecraft:birch_sign"],
["minecraft:acacia_sign"],
["minecraft:dark_oak_sign"],
["minecraft:crimson_sign"],
["minecraft:jungle_sign"],
["minecraft:oak_sign"],
["minecraft:spruce_sign"],
["minecraft:warped_sign"],
["minecraft:mangrove_sign"],
["minecraft:name_tag"],
["minecraft:painting"]
		],
		"rewards": {
        "function": "all_item:luck11"
    }}
