		{"parent":
"all_item:all/arm/_class",
		"display":{"icon":{"item":
"minecraft:diamond_chestplate"
		},"title":
"战斗目",
		"description":"","frame":"challenge","show_toast":true,"announce_to_chat":true,
		"hidden":false},"criteria":{

"minecraft:diamond_chestplate":{"trigger":"minecraft:inventory_changed","conditions":{"items":[{"items":["minecraft:diamond_chestplate"]}]}},
"minecraft:iron_chestplate":{"trigger":"minecraft:inventory_changed","conditions":{"items":[{"items":["minecraft:iron_chestplate"]}]}},
"minecraft:chainmail_chestplate":{"trigger":"minecraft:inventory_changed","conditions":{"items":[{"items":["minecraft:chainmail_chestplate"]}]}},
"minecraft:golden_chestplate":{"trigger":"minecraft:inventory_changed","conditions":{"items":[{"items":["minecraft:golden_chestplate"]}]}},
"minecraft:netherite_chestplate":{"trigger":"minecraft:inventory_changed","conditions":{"items":[{"items":["minecraft:netherite_chestplate"]}]}},
"minecraft:leather_chestplate":{"trigger":"minecraft:inventory_changed","conditions":{"items":[{"items":["minecraft:leather_chestplate"]}]}},
"minecraft:diamond_helmet":{"trigger":"minecraft:inventory_changed","conditions":{"items":[{"items":["minecraft:diamond_helmet"]}]}},
"minecraft:iron_helmet":{"trigger":"minecraft:inventory_changed","conditions":{"items":[{"items":["minecraft:iron_helmet"]}]}},
"minecraft:turtle_helmet":{"trigger":"minecraft:inventory_changed","conditions":{"items":[{"items":["minecraft:turtle_helmet"]}]}},
"minecraft:chainmail_helmet":{"trigger":"minecraft:inventory_changed","conditions":{"items":[{"items":["minecraft:chainmail_helmet"]}]}},
"minecraft:golden_helmet":{"trigger":"minecraft:inventory_changed","conditions":{"items":[{"items":["minecraft:golden_helmet"]}]}},
"minecraft:netherite_helmet":{"trigger":"minecraft:inventory_changed","conditions":{"items":[{"items":["minecraft:netherite_helmet"]}]}},
"minecraft:leather_helmet":{"trigger":"minecraft:inventory_changed","conditions":{"items":[{"items":["minecraft:leather_helmet"]}]}},
"minecraft:scute":{"trigger":"minecraft:inventory_changed","conditions":{"items":[{"items":["minecraft:scute"]}]}},
"minecraft:diamond_leggings":{"trigger":"minecraft:inventory_changed","conditions":{"items":[{"items":["minecraft:diamond_leggings"]}]}},
"minecraft:iron_leggings":{"trigger":"minecraft:inventory_changed","conditions":{"items":[{"items":["minecraft:iron_leggings"]}]}},
"minecraft:chainmail_leggings":{"trigger":"minecraft:inventory_changed","conditions":{"items":[{"items":["minecraft:chainmail_leggings"]}]}},
"minecraft:golden_leggings":{"trigger":"minecraft:inventory_changed","conditions":{"items":[{"items":["minecraft:golden_leggings"]}]}},
"minecraft:netherite_leggings":{"trigger":"minecraft:inventory_changed","conditions":{"items":[{"items":["minecraft:netherite_leggings"]}]}},
"minecraft:leather_leggings":{"trigger":"minecraft:inventory_changed","conditions":{"items":[{"items":["minecraft:leather_leggings"]}]}},
"minecraft:diamond_boots":{"trigger":"minecraft:inventory_changed","conditions":{"items":[{"items":["minecraft:diamond_boots"]}]}},
"minecraft:iron_boots":{"trigger":"minecraft:inventory_changed","conditions":{"items":[{"items":["minecraft:iron_boots"]}]}},
"minecraft:chainmail_boots":{"trigger":"minecraft:inventory_changed","conditions":{"items":[{"items":["minecraft:chainmail_boots"]}]}},
"minecraft:golden_boots":{"trigger":"minecraft:inventory_changed","conditions":{"items":[{"items":["minecraft:golden_boots"]}]}},
"minecraft:netherite_boots":{"trigger":"minecraft:inventory_changed","conditions":{"items":[{"items":["minecraft:netherite_boots"]}]}},
"minecraft:leather_boots":{"trigger":"minecraft:inventory_changed","conditions":{"items":[{"items":["minecraft:leather_boots"]}]}},
"minecraft:totem_of_undying":{"trigger":"minecraft:inventory_changed","conditions":{"items":[{"items":["minecraft:totem_of_undying"]}]}},
"minecraft:diamond_sword":{"trigger":"minecraft:inventory_changed","conditions":{"items":[{"items":["minecraft:diamond_sword"]}]}},
"minecraft:iron_sword":{"trigger":"minecraft:inventory_changed","conditions":{"items":[{"items":["minecraft:iron_sword"]}]}},
"minecraft:wooden_sword":{"trigger":"minecraft:inventory_changed","conditions":{"items":[{"items":["minecraft:wooden_sword"]}]}},
"minecraft:stone_sword":{"trigger":"minecraft:inventory_changed","conditions":{"items":[{"items":["minecraft:stone_sword"]}]}},
"minecraft:golden_sword":{"trigger":"minecraft:inventory_changed","conditions":{"items":[{"items":["minecraft:golden_sword"]}]}},
"minecraft:netherite_sword":{"trigger":"minecraft:inventory_changed","conditions":{"items":[{"items":["minecraft:netherite_sword"]}]}},
"minecraft:trident":{"trigger":"minecraft:inventory_changed","conditions":{"items":[{"items":["minecraft:trident"]}]}},
"minecraft:crossbow":{"trigger":"minecraft:inventory_changed","conditions":{"items":[{"items":["minecraft:crossbow"]}]}},
"minecraft:bow":{"trigger":"minecraft:inventory_changed","conditions":{"items":[{"items":["minecraft:bow"]}]}},
"minecraft:shield":{"trigger":"minecraft:inventory_changed","conditions":{"items":[{"items":["minecraft:shield"]}]}},
"minecraft:arrow":{"trigger":"minecraft:inventory_changed","conditions":{"items":[{"items":["minecraft:arrow"]}]}},
"minecraft:tipped_arrow":{"trigger":"minecraft:inventory_changed","conditions":{"items":[{"items":["minecraft:tipped_arrow"]}]}},
"minecraft:spectral_arrow":{"trigger":"minecraft:inventory_changed","conditions":{"items":[{"items":["minecraft:spectral_arrow"]}]}},
"minecraft:fire_charge":{"trigger":"minecraft:inventory_changed","conditions":{"items":[{"items":["minecraft:fire_charge"]}]}},
"minecraft:firework_star":{"trigger":"minecraft:inventory_changed","conditions":{"items":[{"items":["minecraft:firework_star"]}]}},
"minecraft:firework_rocket":{"trigger":"minecraft:inventory_changed","conditions":{"items":[{"items":["minecraft:firework_rocket"]}]}},
"minecraft:end_crystal":{"trigger":"minecraft:inventory_changed","conditions":{"items":[{"items":["minecraft:end_crystal"]}]}},
"minecraft:tnt":{"trigger":"minecraft:inventory_changed","conditions":{"items":[{"items":["minecraft:tnt"]}]}}

		},"requirements":[

["minecraft:diamond_chestplate"],
["minecraft:iron_chestplate"],
["minecraft:chainmail_chestplate"],
["minecraft:golden_chestplate"],
["minecraft:netherite_chestplate"],
["minecraft:leather_chestplate"],
["minecraft:diamond_helmet"],
["minecraft:iron_helmet"],
["minecraft:turtle_helmet"],
["minecraft:chainmail_helmet"],
["minecraft:golden_helmet"],
["minecraft:netherite_helmet"],
["minecraft:leather_helmet"],
["minecraft:scute"],
["minecraft:diamond_leggings"],
["minecraft:iron_leggings"],
["minecraft:chainmail_leggings"],
["minecraft:golden_leggings"],
["minecraft:netherite_leggings"],
["minecraft:leather_leggings"],
["minecraft:diamond_boots"],
["minecraft:iron_boots"],
["minecraft:chainmail_boots"],
["minecraft:golden_boots"],
["minecraft:netherite_boots"],
["minecraft:leather_boots"],
["minecraft:totem_of_undying"],
["minecraft:diamond_sword"],
["minecraft:iron_sword"],
["minecraft:wooden_sword"],
["minecraft:stone_sword"],
["minecraft:golden_sword"],
["minecraft:netherite_sword"],
["minecraft:trident"],
["minecraft:crossbow"],
["minecraft:bow"],
["minecraft:shield"],
["minecraft:arrow"],
["minecraft:tipped_arrow"],
["minecraft:spectral_arrow"],
["minecraft:fire_charge"],
["minecraft:firework_star"],
["minecraft:firework_rocket"],
["minecraft:end_crystal"],
["minecraft:tnt"]
		]}
