		{"parent":
"all_item:all/arm/_class",
		"display":{"icon":{"item":
"minecraft:diamond_pickaxe"
		},"title":
"工具目",
		"description":"","frame":"challenge","show_toast":true,"announce_to_chat":true,
		"hidden":false},"criteria":{

"minecraft:diamond_pickaxe":{"trigger":"minecraft:inventory_changed","conditions":{"items":[{"items":["minecraft:diamond_pickaxe"]}]}},
"minecraft:wooden_pickaxe":{"trigger":"minecraft:inventory_changed","conditions":{"items":[{"items":["minecraft:wooden_pickaxe"]}]}},
"minecraft:stone_pickaxe":{"trigger":"minecraft:inventory_changed","conditions":{"items":[{"items":["minecraft:stone_pickaxe"]}]}},
"minecraft:golden_pickaxe":{"trigger":"minecraft:inventory_changed","conditions":{"items":[{"items":["minecraft:golden_pickaxe"]}]}},
"minecraft:netherite_pickaxe":{"trigger":"minecraft:inventory_changed","conditions":{"items":[{"items":["minecraft:netherite_pickaxe"]}]}},
"minecraft:iron_pickaxe":{"trigger":"minecraft:inventory_changed","conditions":{"items":[{"items":["minecraft:iron_pickaxe"]}]}},
"minecraft:diamond_axe":{"trigger":"minecraft:inventory_changed","conditions":{"items":[{"items":["minecraft:diamond_axe"]}]}},
"minecraft:wooden_axe":{"trigger":"minecraft:inventory_changed","conditions":{"items":[{"items":["minecraft:wooden_axe"]}]}},
"minecraft:stone_axe":{"trigger":"minecraft:inventory_changed","conditions":{"items":[{"items":["minecraft:stone_axe"]}]}},
"minecraft:golden_axe":{"trigger":"minecraft:inventory_changed","conditions":{"items":[{"items":["minecraft:golden_axe"]}]}},
"minecraft:iron_axe":{"trigger":"minecraft:inventory_changed","conditions":{"items":[{"items":["minecraft:iron_axe"]}]}},
"minecraft:netherite_axe":{"trigger":"minecraft:inventory_changed","conditions":{"items":[{"items":["minecraft:netherite_axe"]}]}},
"minecraft:diamond_shovel":{"trigger":"minecraft:inventory_changed","conditions":{"items":[{"items":["minecraft:diamond_shovel"]}]}},
"minecraft:wooden_shovel":{"trigger":"minecraft:inventory_changed","conditions":{"items":[{"items":["minecraft:wooden_shovel"]}]}},
"minecraft:stone_shovel":{"trigger":"minecraft:inventory_changed","conditions":{"items":[{"items":["minecraft:stone_shovel"]}]}},
"minecraft:golden_shovel":{"trigger":"minecraft:inventory_changed","conditions":{"items":[{"items":["minecraft:golden_shovel"]}]}},
"minecraft:netherite_shovel":{"trigger":"minecraft:inventory_changed","conditions":{"items":[{"items":["minecraft:netherite_shovel"]}]}},
"minecraft:iron_shovel":{"trigger":"minecraft:inventory_changed","conditions":{"items":[{"items":["minecraft:iron_shovel"]}]}},
"minecraft:diamond_hoe":{"trigger":"minecraft:inventory_changed","conditions":{"items":[{"items":["minecraft:diamond_hoe"]}]}},
"minecraft:wooden_hoe":{"trigger":"minecraft:inventory_changed","conditions":{"items":[{"items":["minecraft:wooden_hoe"]}]}},
"minecraft:stone_hoe":{"trigger":"minecraft:inventory_changed","conditions":{"items":[{"items":["minecraft:stone_hoe"]}]}},
"minecraft:golden_hoe":{"trigger":"minecraft:inventory_changed","conditions":{"items":[{"items":["minecraft:golden_hoe"]}]}},
"minecraft:netherite_hoe":{"trigger":"minecraft:inventory_changed","conditions":{"items":[{"items":["minecraft:netherite_hoe"]}]}},
"minecraft:iron_hoe":{"trigger":"minecraft:inventory_changed","conditions":{"items":[{"items":["minecraft:iron_hoe"]}]}},
"minecraft:bucket":{"trigger":"minecraft:inventory_changed","conditions":{"items":[{"items":["minecraft:bucket"]}]}},
"minecraft:water_bucket":{"trigger":"minecraft:inventory_changed","conditions":{"items":[{"items":["minecraft:water_bucket"]}]}},
"minecraft:lava_bucket":{"trigger":"minecraft:inventory_changed","conditions":{"items":[{"items":["minecraft:lava_bucket"]}]}},
"minecraft:milk_bucket":{"trigger":"minecraft:inventory_changed","conditions":{"items":[{"items":["minecraft:milk_bucket"]}]}},
"minecraft:powder_snow_bucket":{"trigger":"minecraft:inventory_changed","conditions":{"items":[{"items":["minecraft:powder_snow_bucket"]}]}},
"minecraft:salmon_bucket":{"trigger":"minecraft:inventory_changed","conditions":{"items":[{"items":["minecraft:salmon_bucket"]}]}},
"minecraft:cod_bucket":{"trigger":"minecraft:inventory_changed","conditions":{"items":[{"items":["minecraft:cod_bucket"]}]}},
"minecraft:pufferfish_bucket":{"trigger":"minecraft:inventory_changed","conditions":{"items":[{"items":["minecraft:pufferfish_bucket"]}]}},
"minecraft:tropical_fish_bucket":{"trigger":"minecraft:inventory_changed","conditions":{"items":[{"items":["minecraft:tropical_fish_bucket"]}]}},
"minecraft:axolotl_bucket":{"trigger":"minecraft:inventory_changed","conditions":{"items":[{"items":["minecraft:axolotl_bucket"]}]}},
"minecraft:tadpole_bucket":{"trigger":"minecraft:inventory_changed","conditions":{"items":[{"items":["minecraft:tadpole_bucket"]}]}},
"minecraft:shears":{"trigger":"minecraft:inventory_changed","conditions":{"items":[{"items":["minecraft:shears"]}]}},
"minecraft:flint_and_steel":{"trigger":"minecraft:inventory_changed","conditions":{"items":[{"items":["minecraft:flint_and_steel"]}]}},
"minecraft:spyglass":{"trigger":"minecraft:inventory_changed","conditions":{"items":[{"items":["minecraft:spyglass"]}]}},
"minecraft:lead":{"trigger":"minecraft:inventory_changed","conditions":{"items":[{"items":["minecraft:lead"]}]}},
"minecraft:book":{"trigger":"minecraft:inventory_changed","conditions":{"items":[{"items":["minecraft:book"]}]}},
"minecraft:writable_book":{"trigger":"minecraft:inventory_changed","conditions":{"items":[{"items":["minecraft:writable_book"]}]}},
"minecraft:written_book":{"trigger":"minecraft:inventory_changed","conditions":{"items":[{"items":["minecraft:written_book"]}]}},
"minecraft:paper":{"trigger":"minecraft:inventory_changed","conditions":{"items":[{"items":["minecraft:paper"]}]}},
"minecraft:map":{"trigger":"minecraft:inventory_changed","conditions":{"items":[{"items":["minecraft:map"]}]}},
"minecraft:filled_map":{"trigger":"minecraft:inventory_changed","conditions":{"items":[{"items":["minecraft:filled_map"]}]}},
"minecraft:compass":{"trigger":"minecraft:inventory_changed","conditions":{"items":[{"items":["minecraft:compass"]}]}},
"minecraft:echo_shard":{"trigger":"minecraft:inventory_changed","conditions":{"items":[{"items":["minecraft:echo_shard"]}]}},
"minecraft:recovery_compass":{"trigger":"minecraft:inventory_changed","conditions":{"items":[{"items":["minecraft:recovery_compass"]}]}},
"minecraft:clock":{"trigger":"minecraft:inventory_changed","conditions":{"items":[{"items":["minecraft:clock"]}]}},
"minecraft:item_frame":{"trigger":"minecraft:inventory_changed","conditions":{"items":[{"items":["minecraft:item_frame"]}]}},
"minecraft:glow_item_frame":{"trigger":"minecraft:inventory_changed","conditions":{"items":[{"items":["minecraft:glow_item_frame"]}]}},
"minecraft:birch_sign":{"trigger":"minecraft:inventory_changed","conditions":{"items":[{"items":["minecraft:birch_sign"]}]}},
"minecraft:acacia_sign":{"trigger":"minecraft:inventory_changed","conditions":{"items":[{"items":["minecraft:acacia_sign"]}]}},
"minecraft:dark_oak_sign":{"trigger":"minecraft:inventory_changed","conditions":{"items":[{"items":["minecraft:dark_oak_sign"]}]}},
"minecraft:crimson_sign":{"trigger":"minecraft:inventory_changed","conditions":{"items":[{"items":["minecraft:crimson_sign"]}]}},
"minecraft:jungle_sign":{"trigger":"minecraft:inventory_changed","conditions":{"items":[{"items":["minecraft:jungle_sign"]}]}},
"minecraft:oak_sign":{"trigger":"minecraft:inventory_changed","conditions":{"items":[{"items":["minecraft:oak_sign"]}]}},
"minecraft:spruce_sign":{"trigger":"minecraft:inventory_changed","conditions":{"items":[{"items":["minecraft:spruce_sign"]}]}},
"minecraft:warped_sign":{"trigger":"minecraft:inventory_changed","conditions":{"items":[{"items":["minecraft:warped_sign"]}]}},
"minecraft:mangrove_sign":{"trigger":"minecraft:inventory_changed","conditions":{"items":[{"items":["minecraft:mangrove_sign"]}]}},
"minecraft:name_tag":{"trigger":"minecraft:inventory_changed","conditions":{"items":[{"items":["minecraft:name_tag"]}]}},
"minecraft:painting":{"trigger":"minecraft:inventory_changed","conditions":{"items":[{"items":["minecraft:painting"]}]}}

		},"requirements":[

["minecraft:diamond_pickaxe"],
["minecraft:wooden_pickaxe"],
["minecraft:stone_pickaxe"],
["minecraft:golden_pickaxe"],
["minecraft:netherite_pickaxe"],
["minecraft:iron_pickaxe"],
["minecraft:diamond_axe"],
["minecraft:wooden_axe"],
["minecraft:stone_axe"],
["minecraft:golden_axe"],
["minecraft:iron_axe"],
["minecraft:netherite_axe"],
["minecraft:diamond_shovel"],
["minecraft:wooden_shovel"],
["minecraft:stone_shovel"],
["minecraft:golden_shovel"],
["minecraft:netherite_shovel"],
["minecraft:iron_shovel"],
["minecraft:diamond_hoe"],
["minecraft:wooden_hoe"],
["minecraft:stone_hoe"],
["minecraft:golden_hoe"],
["minecraft:netherite_hoe"],
["minecraft:iron_hoe"],
["minecraft:bucket"],
["minecraft:water_bucket"],
["minecraft:lava_bucket"],
["minecraft:milk_bucket"],
["minecraft:powder_snow_bucket"],
["minecraft:salmon_bucket"],
["minecraft:cod_bucket"],
["minecraft:pufferfish_bucket"],
["minecraft:tropical_fish_bucket"],
["minecraft:axolotl_bucket"],
["minecraft:tadpole_bucket"],
["minecraft:shears"],
["minecraft:flint_and_steel"],
["minecraft:spyglass"],
["minecraft:lead"],
["minecraft:book"],
["minecraft:writable_book"],
["minecraft:written_book"],
["minecraft:paper"],
["minecraft:map"],
["minecraft:filled_map"],
["minecraft:compass"],
["minecraft:echo_shard"],
["minecraft:recovery_compass"],
["minecraft:clock"],
["minecraft:item_frame"],
["minecraft:glow_item_frame"],
["minecraft:birch_sign"],
["minecraft:acacia_sign"],
["minecraft:dark_oak_sign"],
["minecraft:crimson_sign"],
["minecraft:jungle_sign"],
["minecraft:oak_sign"],
["minecraft:spruce_sign"],
["minecraft:warped_sign"],
["minecraft:mangrove_sign"],
["minecraft:name_tag"],
["minecraft:painting"]
		]}
