		{"parent":
"all_item:work/brew/root",
		"display":{"icon":{"item":
"minecraft:nether_wart"
		},"title":
"材料科",
		"description":"","frame":"task","show_toast":true,"announce_to_chat":true,
		"hidden":false},"criteria":{

"minecraft:nether_wart":{"trigger":"minecraft:inventory_changed","conditions":{"items":[{"items":["minecraft:nether_wart"]}]}},
"minecraft:glowstone_dust":{"trigger":"minecraft:inventory_changed","conditions":{"items":[{"items":["minecraft:glowstone_dust"]}]}},
"minecraft:fermented_spider_eye":{"trigger":"minecraft:inventory_changed","conditions":{"items":[{"items":["minecraft:fermented_spider_eye"]}]}},
"minecraft:gunpowder":{"trigger":"minecraft:inventory_changed","conditions":{"items":[{"items":["minecraft:gunpowder"]}]}},
"minecraft:dragon_breath":{"trigger":"minecraft:inventory_changed","conditions":{"items":[{"items":["minecraft:dragon_breath"]}]}},
"minecraft:sugar":{"trigger":"minecraft:inventory_changed","conditions":{"items":[{"items":["minecraft:sugar"]}]}},
"minecraft:rabbit_foot":{"trigger":"minecraft:inventory_changed","conditions":{"items":[{"items":["minecraft:rabbit_foot"]}]}},
"minecraft:glistering_melon_slice":{"trigger":"minecraft:inventory_changed","conditions":{"items":[{"items":["minecraft:glistering_melon_slice"]}]}},
"minecraft:spider_eye":{"trigger":"minecraft:inventory_changed","conditions":{"items":[{"items":["minecraft:spider_eye"]}]}},
"minecraft:pufferfish":{"trigger":"minecraft:inventory_changed","conditions":{"items":[{"items":["minecraft:pufferfish"]}]}},
"minecraft:magma_cream":{"trigger":"minecraft:inventory_changed","conditions":{"items":[{"items":["minecraft:magma_cream"]}]}},
"minecraft:golden_carrot":{"trigger":"minecraft:inventory_changed","conditions":{"items":[{"items":["minecraft:golden_carrot"]}]}},
"minecraft:ghast_tear":{"trigger":"minecraft:inventory_changed","conditions":{"items":[{"items":["minecraft:ghast_tear"]}]}},
"minecraft:phantom_membrane":{"trigger":"minecraft:inventory_changed","conditions":{"items":[{"items":["minecraft:phantom_membrane"]}]}}

		},"requirements":[

["minecraft:nether_wart",
"minecraft:glowstone_dust",
"minecraft:fermented_spider_eye",
"minecraft:gunpowder",
"minecraft:dragon_breath",
"minecraft:sugar",
"minecraft:rabbit_foot",
"minecraft:glistering_melon_slice",
"minecraft:spider_eye",
"minecraft:pufferfish",
"minecraft:magma_cream",
"minecraft:golden_carrot",
"minecraft:ghast_tear",
"minecraft:phantom_membrane"]
		]}
