		{"parent":
"all_item:arm/fight/root",
		"display":{"icon":{"item":
"minecraft:diamond_chestplate"
		},"title":
"盔甲科",
		"description":"","frame":"task","show_toast":true,"announce_to_chat":true,
		"hidden":false},"criteria":{

"minecraft:diamond_chestplate":{"trigger":"minecraft:inventory_changed","conditions":{"items":[{"items":["minecraft:diamond_chestplate"]}]}},
"minecraft:iron_chestplate":{"trigger":"minecraft:inventory_changed","conditions":{"items":[{"items":["minecraft:iron_chestplate"]}]}},
"minecraft:chainmail_chestplate":{"trigger":"minecraft:inventory_changed","conditions":{"items":[{"items":["minecraft:chainmail_chestplate"]}]}},
"minecraft:golden_chestplate":{"trigger":"minecraft:inventory_changed","conditions":{"items":[{"items":["minecraft:golden_chestplate"]}]}},
"minecraft:netherite_chestplate":{"trigger":"minecraft:inventory_changed","conditions":{"items":[{"items":["minecraft:netherite_chestplate"]}]}},
"minecraft:leather_chestplate":{"trigger":"minecraft:inventory_changed","conditions":{"items":[{"items":["minecraft:leather_chestplate"]}]}},
"minecraft:diamond_helmet":{"trigger":"minecraft:inventory_changed","conditions":{"items":[{"items":["minecraft:diamond_helmet"]}]}},
"minecraft:iron_helmet":{"trigger":"minecraft:inventory_changed","conditions":{"items":[{"items":["minecraft:iron_helmet"]}]}},
"minecraft:turtle_helmet":{"trigger":"minecraft:inventory_changed","conditions":{"items":[{"items":["minecraft:turtle_helmet"]}]}},
"minecraft:chainmail_helmet":{"trigger":"minecraft:inventory_changed","conditions":{"items":[{"items":["minecraft:chainmail_helmet"]}]}},
"minecraft:golden_helmet":{"trigger":"minecraft:inventory_changed","conditions":{"items":[{"items":["minecraft:golden_helmet"]}]}},
"minecraft:netherite_helmet":{"trigger":"minecraft:inventory_changed","conditions":{"items":[{"items":["minecraft:netherite_helmet"]}]}},
"minecraft:leather_helmet":{"trigger":"minecraft:inventory_changed","conditions":{"items":[{"items":["minecraft:leather_helmet"]}]}},
"minecraft:scute":{"trigger":"minecraft:inventory_changed","conditions":{"items":[{"items":["minecraft:scute"]}]}},
"minecraft:diamond_leggings":{"trigger":"minecraft:inventory_changed","conditions":{"items":[{"items":["minecraft:diamond_leggings"]}]}},
"minecraft:iron_leggings":{"trigger":"minecraft:inventory_changed","conditions":{"items":[{"items":["minecraft:iron_leggings"]}]}},
"minecraft:chainmail_leggings":{"trigger":"minecraft:inventory_changed","conditions":{"items":[{"items":["minecraft:chainmail_leggings"]}]}},
"minecraft:golden_leggings":{"trigger":"minecraft:inventory_changed","conditions":{"items":[{"items":["minecraft:golden_leggings"]}]}},
"minecraft:netherite_leggings":{"trigger":"minecraft:inventory_changed","conditions":{"items":[{"items":["minecraft:netherite_leggings"]}]}},
"minecraft:leather_leggings":{"trigger":"minecraft:inventory_changed","conditions":{"items":[{"items":["minecraft:leather_leggings"]}]}},
"minecraft:diamond_boots":{"trigger":"minecraft:inventory_changed","conditions":{"items":[{"items":["minecraft:diamond_boots"]}]}},
"minecraft:iron_boots":{"trigger":"minecraft:inventory_changed","conditions":{"items":[{"items":["minecraft:iron_boots"]}]}},
"minecraft:chainmail_boots":{"trigger":"minecraft:inventory_changed","conditions":{"items":[{"items":["minecraft:chainmail_boots"]}]}},
"minecraft:golden_boots":{"trigger":"minecraft:inventory_changed","conditions":{"items":[{"items":["minecraft:golden_boots"]}]}},
"minecraft:netherite_boots":{"trigger":"minecraft:inventory_changed","conditions":{"items":[{"items":["minecraft:netherite_boots"]}]}},
"minecraft:leather_boots":{"trigger":"minecraft:inventory_changed","conditions":{"items":[{"items":["minecraft:leather_boots"]}]}}

		},"requirements":[

["minecraft:diamond_chestplate",
"minecraft:iron_chestplate",
"minecraft:chainmail_chestplate",
"minecraft:golden_chestplate",
"minecraft:netherite_chestplate",
"minecraft:leather_chestplate",
"minecraft:diamond_helmet",
"minecraft:iron_helmet",
"minecraft:turtle_helmet",
"minecraft:chainmail_helmet",
"minecraft:golden_helmet",
"minecraft:netherite_helmet",
"minecraft:leather_helmet",
"minecraft:scute",
"minecraft:diamond_leggings",
"minecraft:iron_leggings",
"minecraft:chainmail_leggings",
"minecraft:golden_leggings",
"minecraft:netherite_leggings",
"minecraft:leather_leggings",
"minecraft:diamond_boots",
"minecraft:iron_boots",
"minecraft:chainmail_boots",
"minecraft:golden_boots",
"minecraft:netherite_boots",
"minecraft:leather_boots"]
		]}
