		{"parent":
"all_item:arm/fight/armor/_family",
		"display":{"icon":{"item":
"minecraft:diamond_leggings"
		},"title":
"护腿属",
		"description":"","frame":"task","show_toast":true,"announce_to_chat":true,
		"hidden":false},"criteria":{

"minecraft:diamond_leggings":{"trigger":"minecraft:inventory_changed","conditions":{"items":[{"items":["minecraft:diamond_leggings"]}]}},
"minecraft:iron_leggings":{"trigger":"minecraft:inventory_changed","conditions":{"items":[{"items":["minecraft:iron_leggings"]}]}},
"minecraft:chainmail_leggings":{"trigger":"minecraft:inventory_changed","conditions":{"items":[{"items":["minecraft:chainmail_leggings"]}]}},
"minecraft:golden_leggings":{"trigger":"minecraft:inventory_changed","conditions":{"items":[{"items":["minecraft:golden_leggings"]}]}},
"minecraft:netherite_leggings":{"trigger":"minecraft:inventory_changed","conditions":{"items":[{"items":["minecraft:netherite_leggings"]}]}},
"minecraft:leather_leggings":{"trigger":"minecraft:inventory_changed","conditions":{"items":[{"items":["minecraft:leather_leggings"]}]}}

		},"requirements":[

["minecraft:diamond_leggings"],
["minecraft:iron_leggings"],
["minecraft:chainmail_leggings"],
["minecraft:golden_leggings"],
["minecraft:netherite_leggings"],
["minecraft:leather_leggings"]
		]}
