		{"parent":
"all_item:arm/fight/armor/_family",
		"display":{"icon":{"item":
"minecraft:diamond_boots"
		},"title":
"靴子属",
		"description":"","frame":"task","show_toast":true,"announce_to_chat":true,
		"hidden":false},"criteria":{

"minecraft:diamond_boots":{"trigger":"minecraft:inventory_changed","conditions":{"items":[{"items":["minecraft:diamond_boots"]}]}},
"minecraft:iron_boots":{"trigger":"minecraft:inventory_changed","conditions":{"items":[{"items":["minecraft:iron_boots"]}]}},
"minecraft:chainmail_boots":{"trigger":"minecraft:inventory_changed","conditions":{"items":[{"items":["minecraft:chainmail_boots"]}]}},
"minecraft:golden_boots":{"trigger":"minecraft:inventory_changed","conditions":{"items":[{"items":["minecraft:golden_boots"]}]}},
"minecraft:netherite_boots":{"trigger":"minecraft:inventory_changed","conditions":{"items":[{"items":["minecraft:netherite_boots"]}]}},
"minecraft:leather_boots":{"trigger":"minecraft:inventory_changed","conditions":{"items":[{"items":["minecraft:leather_boots"]}]}}

		},"requirements":[

["minecraft:diamond_boots"],
["minecraft:iron_boots"],
["minecraft:chainmail_boots"],
["minecraft:golden_boots"],
["minecraft:netherite_boots"],
["minecraft:leather_boots"]
		]}
