		{"parent":
"all_item:arm/fight/armor/_family",
		"display":{"icon":{"item":
"minecraft:diamond_chestplate"
		},"title":
"胸甲属",
		"description":"","frame":"task","show_toast":true,"announce_to_chat":true,
		"hidden":false},"criteria":{

"minecraft:diamond_chestplate":{"trigger":"minecraft:inventory_changed","conditions":{"items":[{"items":["minecraft:diamond_chestplate"]}]}},
"minecraft:iron_chestplate":{"trigger":"minecraft:inventory_changed","conditions":{"items":[{"items":["minecraft:iron_chestplate"]}]}},
"minecraft:chainmail_chestplate":{"trigger":"minecraft:inventory_changed","conditions":{"items":[{"items":["minecraft:chainmail_chestplate"]}]}},
"minecraft:golden_chestplate":{"trigger":"minecraft:inventory_changed","conditions":{"items":[{"items":["minecraft:golden_chestplate"]}]}},
"minecraft:netherite_chestplate":{"trigger":"minecraft:inventory_changed","conditions":{"items":[{"items":["minecraft:netherite_chestplate"]}]}},
"minecraft:leather_chestplate":{"trigger":"minecraft:inventory_changed","conditions":{"items":[{"items":["minecraft:leather_chestplate"]}]}}

		},"requirements":[

["minecraft:diamond_chestplate"],
["minecraft:iron_chestplate"],
["minecraft:chainmail_chestplate"],
["minecraft:golden_chestplate"],
["minecraft:netherite_chestplate"],
["minecraft:leather_chestplate"]
		]}
