		{"parent":
"all_item:arm/fight/armor/_family",
		"display":{"icon":{"item":
"minecraft:diamond_helmet"
		},"title":
"头盔属",
		"description":"","frame":"task","show_toast":true,"announce_to_chat":true,
		"hidden":false},"criteria":{

"minecraft:diamond_helmet":{"trigger":"minecraft:inventory_changed","conditions":{"items":[{"items":["minecraft:diamond_helmet"]}]}},
"minecraft:iron_helmet":{"trigger":"minecraft:inventory_changed","conditions":{"items":[{"items":["minecraft:iron_helmet"]}]}},
"minecraft:turtle_helmet":{"trigger":"minecraft:inventory_changed","conditions":{"items":[{"items":["minecraft:turtle_helmet"]}]}},
"minecraft:chainmail_helmet":{"trigger":"minecraft:inventory_changed","conditions":{"items":[{"items":["minecraft:chainmail_helmet"]}]}},
"minecraft:golden_helmet":{"trigger":"minecraft:inventory_changed","conditions":{"items":[{"items":["minecraft:golden_helmet"]}]}},
"minecraft:netherite_helmet":{"trigger":"minecraft:inventory_changed","conditions":{"items":[{"items":["minecraft:netherite_helmet"]}]}},
"minecraft:leather_helmet":{"trigger":"minecraft:inventory_changed","conditions":{"items":[{"items":["minecraft:leather_helmet"]}]}}

		},"requirements":[

["minecraft:diamond_helmet"],
["minecraft:iron_helmet"],
["minecraft:turtle_helmet"],
["minecraft:chainmail_helmet"],
["minecraft:golden_helmet"],
["minecraft:netherite_helmet"],
["minecraft:leather_helmet"]
		]}
