		{"display":{"icon":{"item":
"minecraft:dirt"
		},"title":
"泥目",
		"description":"","frame":"task","background":"minecraft:textures/gui/advancements/backgrounds/stone.png",
        "show_toast":true,"announce_to_chat":true,"hidden":false},"criteria":{

"minecraft:dirt":{"trigger":"minecraft:inventory_changed","conditions":{"items":[{"items":["minecraft:dirt"]}]}},
"minecraft:coarse_dirt":{"trigger":"minecraft:inventory_changed","conditions":{"items":[{"items":["minecraft:coarse_dirt"]}]}},
"minecraft:podzol":{"trigger":"minecraft:inventory_changed","conditions":{"items":[{"items":["minecraft:podzol"]}]}},
"minecraft:mycelium":{"trigger":"minecraft:inventory_changed","conditions":{"items":[{"items":["minecraft:mycelium"]}]}},
"minecraft:grass_block":{"trigger":"minecraft:inventory_changed","conditions":{"items":[{"items":["minecraft:grass_block"]}]}},
"minecraft:moss_block":{"trigger":"minecraft:inventory_changed","conditions":{"items":[{"items":["minecraft:moss_block"]}]}},
"minecraft:rooted_dirt":{"trigger":"minecraft:inventory_changed","conditions":{"items":[{"items":["minecraft:rooted_dirt"]}]}},
"minecraft:mud":{"trigger":"minecraft:inventory_changed","conditions":{"items":[{"items":["minecraft:mud"]}]}},
"minecraft:mud_bricks":{"trigger":"minecraft:inventory_changed","conditions":{"items":[{"items":["minecraft:mud_bricks"]}]}},
"minecraft:packed_mud":{"trigger":"minecraft:inventory_changed","conditions":{"items":[{"items":["minecraft:packed_mud"]}]}},
"minecraft:brick":{"trigger":"minecraft:inventory_changed","conditions":{"items":[{"items":["minecraft:brick"]}]}},
"minecraft:clay_ball":{"trigger":"minecraft:inventory_changed","conditions":{"items":[{"items":["minecraft:clay_ball"]}]}},
"minecraft:clay":{"trigger":"minecraft:inventory_changed","conditions":{"items":[{"items":["minecraft:clay"]}]}},
"minecraft:bricks":{"trigger":"minecraft:inventory_changed","conditions":{"items":[{"items":["minecraft:bricks"]}]}},
"minecraft:nether_brick":{"trigger":"minecraft:inventory_changed","conditions":{"items":[{"items":["minecraft:nether_brick"]}]}},
"minecraft:nether_bricks":{"trigger":"minecraft:inventory_changed","conditions":{"items":[{"items":["minecraft:nether_bricks"]}]}},
"minecraft:red_nether_bricks":{"trigger":"minecraft:inventory_changed","conditions":{"items":[{"items":["minecraft:red_nether_bricks"]}]}},
"minecraft:chiseled_nether_bricks":{"trigger":"minecraft:inventory_changed","conditions":{"items":[{"items":["minecraft:chiseled_nether_bricks"]}]}},
"minecraft:cracked_nether_bricks":{"trigger":"minecraft:inventory_changed","conditions":{"items":[{"items":["minecraft:cracked_nether_bricks"]}]}}

		},"requirements":[

["minecraft:dirt",
"minecraft:coarse_dirt",
"minecraft:podzol",
"minecraft:mycelium",
"minecraft:grass_block",
"minecraft:moss_block",
"minecraft:rooted_dirt",
"minecraft:mud",
"minecraft:mud_bricks",
"minecraft:packed_mud",
"minecraft:brick",
"minecraft:clay_ball",
"minecraft:clay",
"minecraft:bricks",
"minecraft:nether_brick",
"minecraft:nether_bricks",
"minecraft:red_nether_bricks",
"minecraft:chiseled_nether_bricks",
"minecraft:cracked_nether_bricks"]
		]}
