		{"parent":
"all_item:arm/food/root",
		"display":{"icon":{"item":
"minecraft:apple"
		},"title":
"植食科",
		"description":"","frame":"task","show_toast":true,"announce_to_chat":true,
		"hidden":false},"criteria":{

"minecraft:apple":{"trigger":"minecraft:inventory_changed","conditions":{"items":[{"items":["minecraft:apple"]}]}},
"minecraft:golden_apple":{"trigger":"minecraft:inventory_changed","conditions":{"items":[{"items":["minecraft:golden_apple"]}]}},
"minecraft:enchanted_golden_apple":{"trigger":"minecraft:inventory_changed","conditions":{"items":[{"items":["minecraft:enchanted_golden_apple"]}]}},
"minecraft:potato":{"trigger":"minecraft:inventory_changed","conditions":{"items":[{"items":["minecraft:potato"]}]}},
"minecraft:baked_potato":{"trigger":"minecraft:inventory_changed","conditions":{"items":[{"items":["minecraft:baked_potato"]}]}},
"minecraft:poisonous_potato":{"trigger":"minecraft:inventory_changed","conditions":{"items":[{"items":["minecraft:poisonous_potato"]}]}},
"minecraft:beetroot":{"trigger":"minecraft:inventory_changed","conditions":{"items":[{"items":["minecraft:beetroot"]}]}},
"minecraft:bread":{"trigger":"minecraft:inventory_changed","conditions":{"items":[{"items":["minecraft:bread"]}]}},
"minecraft:cookie":{"trigger":"minecraft:inventory_changed","conditions":{"items":[{"items":["minecraft:cookie"]}]}},
"minecraft:melon_slice":{"trigger":"minecraft:inventory_changed","conditions":{"items":[{"items":["minecraft:melon_slice"]}]}},
"minecraft:dried_kelp":{"trigger":"minecraft:inventory_changed","conditions":{"items":[{"items":["minecraft:dried_kelp"]}]}},
"minecraft:melon":{"trigger":"minecraft:inventory_changed","conditions":{"items":[{"items":["minecraft:melon"]}]}},
"minecraft:sweet_berries":{"trigger":"minecraft:inventory_changed","conditions":{"items":[{"items":["minecraft:sweet_berries"]}]}},
"minecraft:dried_kelp_block":{"trigger":"minecraft:inventory_changed","conditions":{"items":[{"items":["minecraft:dried_kelp_block"]}]}},
"minecraft:pumpkin_pie":{"trigger":"minecraft:inventory_changed","conditions":{"items":[{"items":["minecraft:pumpkin_pie"]}]}},
"minecraft:carrot":{"trigger":"minecraft:inventory_changed","conditions":{"items":[{"items":["minecraft:carrot"]}]}}

		},"requirements":[

["minecraft:apple",
"minecraft:golden_apple",
"minecraft:enchanted_golden_apple",
"minecraft:potato",
"minecraft:baked_potato",
"minecraft:poisonous_potato",
"minecraft:beetroot",
"minecraft:bread",
"minecraft:cookie",
"minecraft:melon_slice",
"minecraft:dried_kelp",
"minecraft:melon",
"minecraft:sweet_berries",
"minecraft:dried_kelp_block",
"minecraft:pumpkin_pie",
"minecraft:carrot"]
		]}
