		{"parent":
"all_item:arm/food/plant/_family",
		"display":{"icon":{"item":
"minecraft:golden_apple"
		},"title":
"金苹果属",
		"description":"","frame":"task","show_toast":true,"announce_to_chat":true,
		"hidden":false},"criteria":{

"minecraft:golden_apple":{"trigger":"minecraft:inventory_changed","conditions":{"items":[{"items":["minecraft:golden_apple"]}]}},
"minecraft:enchanted_golden_apple":{"trigger":"minecraft:inventory_changed","conditions":{"items":[{"items":["minecraft:enchanted_golden_apple"]}]}}

		},"requirements":[

["minecraft:golden_apple"],
["minecraft:enchanted_golden_apple"]
		]}
