		{"parent":
"all_item:life/mob/head/_family",
		"display":{"icon":{"item":
"minecraft:skeleton_skull"
		},"title":
"生物头颅属",
		"description":"","frame":"task","show_toast":true,"announce_to_chat":true,
		"hidden":false},"criteria":{

"minecraft:skeleton_skull":{"trigger":"minecraft:inventory_changed","conditions":{"items":[{"items":["minecraft:skeleton_skull"]}]}},
"minecraft:wither_skeleton_skull":{"trigger":"minecraft:inventory_changed","conditions":{"items":[{"items":["minecraft:wither_skeleton_skull"]}]}},
"minecraft:zombie_head":{"trigger":"minecraft:inventory_changed","conditions":{"items":[{"items":["minecraft:zombie_head"]}]}},
"minecraft:creeper_head":{"trigger":"minecraft:inventory_changed","conditions":{"items":[{"items":["minecraft:creeper_head"]}]}},
"minecraft:dragon_head":{"trigger":"minecraft:inventory_changed","conditions":{"items":[{"items":["minecraft:dragon_head"]}]}}

		},"requirements":[

["minecraft:skeleton_skull"],
["minecraft:wither_skeleton_skull"],
["minecraft:zombie_head"],
["minecraft:creeper_head"],
["minecraft:dragon_head"]
		]}
