		{"parent":
"all_item:work/enchant/root",
		"display":{"icon":{"item":
"minecraft:enchanting_table"
		},"title":
"器材科",
		"description":"","frame":"task","show_toast":true,"announce_to_chat":true,
		"hidden":false},"criteria":{

"minecraft:enchanting_table":{"trigger":"minecraft:inventory_changed","conditions":{"items":[{"items":["minecraft:enchanting_table"]}]}},
"minecraft:bookshelf":{"trigger":"minecraft:inventory_changed","conditions":{"items":[{"items":["minecraft:bookshelf"]}]}},
"minecraft:experience_bottle":{"trigger":"minecraft:inventory_changed","conditions":{"items":[{"items":["minecraft:experience_bottle"]}]}}

		},"requirements":[

["minecraft:enchanting_table",
"minecraft:bookshelf",
"minecraft:experience_bottle"]
		]}
