		{"display":{"icon":{"item":
"minecraft:brewing_stand"
		},"title":
"酿造目",
		"description":"","frame":"task","background":"minecraft:textures/gui/advancements/backgrounds/stone.png",
        "show_toast":true,"announce_to_chat":true,"hidden":false},"criteria":{

"minecraft:brewing_stand":{"trigger":"minecraft:inventory_changed","conditions":{"items":[{"items":["minecraft:brewing_stand"]}]}},
"minecraft:cauldron":{"trigger":"minecraft:inventory_changed","conditions":{"items":[{"items":["minecraft:cauldron"]}]}},
"minecraft:blaze_rod":{"trigger":"minecraft:inventory_changed","conditions":{"items":[{"items":["minecraft:blaze_rod"]}]}},
"minecraft:blaze_powder":{"trigger":"minecraft:inventory_changed","conditions":{"items":[{"items":["minecraft:blaze_powder"]}]}},
"minecraft:glass_bottle":{"trigger":"minecraft:inventory_changed","conditions":{"items":[{"items":["minecraft:glass_bottle"]}]}},
"minecraft:honey_bottle":{"trigger":"minecraft:inventory_changed","conditions":{"items":[{"items":["minecraft:honey_bottle"]}]}},
"minecraft:nether_wart":{"trigger":"minecraft:inventory_changed","conditions":{"items":[{"items":["minecraft:nether_wart"]}]}},
"minecraft:glowstone_dust":{"trigger":"minecraft:inventory_changed","conditions":{"items":[{"items":["minecraft:glowstone_dust"]}]}},
"minecraft:fermented_spider_eye":{"trigger":"minecraft:inventory_changed","conditions":{"items":[{"items":["minecraft:fermented_spider_eye"]}]}},
"minecraft:gunpowder":{"trigger":"minecraft:inventory_changed","conditions":{"items":[{"items":["minecraft:gunpowder"]}]}},
"minecraft:dragon_breath":{"trigger":"minecraft:inventory_changed","conditions":{"items":[{"items":["minecraft:dragon_breath"]}]}},
"minecraft:sugar":{"trigger":"minecraft:inventory_changed","conditions":{"items":[{"items":["minecraft:sugar"]}]}},
"minecraft:rabbit_foot":{"trigger":"minecraft:inventory_changed","conditions":{"items":[{"items":["minecraft:rabbit_foot"]}]}},
"minecraft:glistering_melon_slice":{"trigger":"minecraft:inventory_changed","conditions":{"items":[{"items":["minecraft:glistering_melon_slice"]}]}},
"minecraft:spider_eye":{"trigger":"minecraft:inventory_changed","conditions":{"items":[{"items":["minecraft:spider_eye"]}]}},
"minecraft:pufferfish":{"trigger":"minecraft:inventory_changed","conditions":{"items":[{"items":["minecraft:pufferfish"]}]}},
"minecraft:magma_cream":{"trigger":"minecraft:inventory_changed","conditions":{"items":[{"items":["minecraft:magma_cream"]}]}},
"minecraft:golden_carrot":{"trigger":"minecraft:inventory_changed","conditions":{"items":[{"items":["minecraft:golden_carrot"]}]}},
"minecraft:ghast_tear":{"trigger":"minecraft:inventory_changed","conditions":{"items":[{"items":["minecraft:ghast_tear"]}]}},
"minecraft:phantom_membrane":{"trigger":"minecraft:inventory_changed","conditions":{"items":[{"items":["minecraft:phantom_membrane"]}]}},
"minecraft:potion":{"trigger":"minecraft:inventory_changed","conditions":{"items":[{"items":["minecraft:potion"]}]}},
"minecraft:splash_potion":{"trigger":"minecraft:inventory_changed","conditions":{"items":[{"items":["minecraft:splash_potion"]}]}},
"minecraft:lingering_potion":{"trigger":"minecraft:inventory_changed","conditions":{"items":[{"items":["minecraft:lingering_potion"]}]}},
"minecraft:suspicious_stew":{"trigger":"minecraft:inventory_changed","conditions":{"items":[{"items":["minecraft:suspicious_stew"]}]}}

		},"requirements":[

["minecraft:brewing_stand",
"minecraft:cauldron",
"minecraft:blaze_rod",
"minecraft:blaze_powder",
"minecraft:glass_bottle",
"minecraft:honey_bottle",
"minecraft:nether_wart",
"minecraft:glowstone_dust",
"minecraft:fermented_spider_eye",
"minecraft:gunpowder",
"minecraft:dragon_breath",
"minecraft:sugar",
"minecraft:rabbit_foot",
"minecraft:glistering_melon_slice",
"minecraft:spider_eye",
"minecraft:pufferfish",
"minecraft:magma_cream",
"minecraft:golden_carrot",
"minecraft:ghast_tear",
"minecraft:phantom_membrane",
"minecraft:potion",
"minecraft:splash_potion",
"minecraft:lingering_potion",
"minecraft:suspicious_stew"]
		]}
