		{"parent":
"all_item:life/fungi/root",
		"display":{"icon":{"item":
"minecraft:red_mushroom"
		},"title":
"蘑菇科",
		"description":"","frame":"task","show_toast":true,"announce_to_chat":true,
		"hidden":false},"criteria":{

"minecraft:red_mushroom":{"trigger":"minecraft:inventory_changed","conditions":{"items":[{"items":["minecraft:red_mushroom"]}]}},
"minecraft:brown_mushroom":{"trigger":"minecraft:inventory_changed","conditions":{"items":[{"items":["minecraft:brown_mushroom"]}]}},
"minecraft:red_mushroom_block":{"trigger":"minecraft:inventory_changed","conditions":{"items":[{"items":["minecraft:red_mushroom_block"]}]}},
"minecraft:brown_mushroom_block":{"trigger":"minecraft:inventory_changed","conditions":{"items":[{"items":["minecraft:brown_mushroom_block"]}]}},
"minecraft:mushroom_stem":{"trigger":"minecraft:inventory_changed","conditions":{"items":[{"items":["minecraft:mushroom_stem"]}]}}

		},"requirements":[

["minecraft:red_mushroom",
"minecraft:brown_mushroom",
"minecraft:red_mushroom_block",
"minecraft:brown_mushroom_block",
"minecraft:mushroom_stem"]
		]}
