		{"parent":
"all_item:life/fungi/mushroom/_family",
		"display":{"icon":{"item":
"minecraft:red_mushroom"
		},"title":
"蘑菇属",
		"description":"","frame":"task","show_toast":true,"announce_to_chat":true,
		"hidden":false},"criteria":{

"minecraft:red_mushroom":{"trigger":"minecraft:inventory_changed","conditions":{"items":[{"items":["minecraft:red_mushroom"]}]}},
"minecraft:brown_mushroom":{"trigger":"minecraft:inventory_changed","conditions":{"items":[{"items":["minecraft:brown_mushroom"]}]}}

		},"requirements":[

["minecraft:red_mushroom"],
["minecraft:brown_mushroom"]
		]}
