		{"parent":
"all_item:stone/sand/root",
		"display":{"icon":{"item":
"minecraft:soul_sand"
		},"title":
"灵魂沙科",
		"description":"","frame":"task","show_toast":true,"announce_to_chat":true,
		"hidden":false},"criteria":{

"minecraft:soul_sand":{"trigger":"minecraft:inventory_changed","conditions":{"items":[{"items":["minecraft:soul_sand"]}]}},
"minecraft:soul_soil":{"trigger":"minecraft:inventory_changed","conditions":{"items":[{"items":["minecraft:soul_soil"]}]}}

		},"requirements":[

["minecraft:soul_sand",
"minecraft:soul_soil"]
		]}
