		{"parent":
"all_item:life/plant/root",
		"display":{"icon":{"item":
"minecraft:birch_sapling"
		},"title":
"树科",
		"description":"","frame":"task","show_toast":true,"announce_to_chat":true,
		"hidden":false},"criteria":{

"minecraft:birch_sapling":{"trigger":"minecraft:inventory_changed","conditions":{"items":[{"items":["minecraft:birch_sapling"]}]}},
"minecraft:dark_oak_sapling":{"trigger":"minecraft:inventory_changed","conditions":{"items":[{"items":["minecraft:dark_oak_sapling"]}]}},
"minecraft:jungle_sapling":{"trigger":"minecraft:inventory_changed","conditions":{"items":[{"items":["minecraft:jungle_sapling"]}]}},
"minecraft:oak_sapling":{"trigger":"minecraft:inventory_changed","conditions":{"items":[{"items":["minecraft:oak_sapling"]}]}},
"minecraft:spruce_sapling":{"trigger":"minecraft:inventory_changed","conditions":{"items":[{"items":["minecraft:spruce_sapling"]}]}},
"minecraft:mangrove_propagule":{"trigger":"minecraft:inventory_changed","conditions":{"items":[{"items":["minecraft:mangrove_propagule"]}]}},
"minecraft:acacia_sapling":{"trigger":"minecraft:inventory_changed","conditions":{"items":[{"items":["minecraft:acacia_sapling"]}]}},
"minecraft:chorus_flower":{"trigger":"minecraft:inventory_changed","conditions":{"items":[{"items":["minecraft:chorus_flower"]}]}},
"minecraft:birch_leaves":{"trigger":"minecraft:inventory_changed","conditions":{"items":[{"items":["minecraft:birch_leaves"]}]}},
"minecraft:dark_oak_leaves":{"trigger":"minecraft:inventory_changed","conditions":{"items":[{"items":["minecraft:dark_oak_leaves"]}]}},
"minecraft:jungle_leaves":{"trigger":"minecraft:inventory_changed","conditions":{"items":[{"items":["minecraft:jungle_leaves"]}]}},
"minecraft:oak_leaves":{"trigger":"minecraft:inventory_changed","conditions":{"items":[{"items":["minecraft:oak_leaves"]}]}},
"minecraft:spruce_leaves":{"trigger":"minecraft:inventory_changed","conditions":{"items":[{"items":["minecraft:spruce_leaves"]}]}},
"minecraft:mangrove_leaves":{"trigger":"minecraft:inventory_changed","conditions":{"items":[{"items":["minecraft:mangrove_leaves"]}]}},
"minecraft:acacia_leaves":{"trigger":"minecraft:inventory_changed","conditions":{"items":[{"items":["minecraft:acacia_leaves"]}]}},
"minecraft:azalea_leaves":{"trigger":"minecraft:inventory_changed","conditions":{"items":[{"items":["minecraft:azalea_leaves"]}]}},
"minecraft:flowering_azalea_leaves":{"trigger":"minecraft:inventory_changed","conditions":{"items":[{"items":["minecraft:flowering_azalea_leaves"]}]}},
"minecraft:azalea":{"trigger":"minecraft:inventory_changed","conditions":{"items":[{"items":["minecraft:azalea"]}]}},
"minecraft:flowering_azalea":{"trigger":"minecraft:inventory_changed","conditions":{"items":[{"items":["minecraft:flowering_azalea"]}]}},
"minecraft:mangrove_roots":{"trigger":"minecraft:inventory_changed","conditions":{"items":[{"items":["minecraft:mangrove_roots"]}]}},
"minecraft:muddy_mangrove_roots":{"trigger":"minecraft:inventory_changed","conditions":{"items":[{"items":["minecraft:muddy_mangrove_roots"]}]}},
"minecraft:hanging_roots":{"trigger":"minecraft:inventory_changed","conditions":{"items":[{"items":["minecraft:hanging_roots"]}]}}

		},"requirements":[

["minecraft:birch_sapling",
"minecraft:dark_oak_sapling",
"minecraft:jungle_sapling",
"minecraft:oak_sapling",
"minecraft:spruce_sapling",
"minecraft:mangrove_propagule",
"minecraft:acacia_sapling",
"minecraft:chorus_flower",
"minecraft:birch_leaves",
"minecraft:dark_oak_leaves",
"minecraft:jungle_leaves",
"minecraft:oak_leaves",
"minecraft:spruce_leaves",
"minecraft:mangrove_leaves",
"minecraft:acacia_leaves",
"minecraft:azalea_leaves",
"minecraft:flowering_azalea_leaves",
"minecraft:azalea",
"minecraft:flowering_azalea",
"minecraft:mangrove_roots",
"minecraft:muddy_mangrove_roots",
"minecraft:hanging_roots"]
		]}
