		{"parent":
"all_item:life/plant/tree/_family",
		"display":{"icon":{"item":
"minecraft:azalea"
		},"title":
"杜鹃花丛属",
		"description":"","frame":"task","show_toast":true,"announce_to_chat":true,
		"hidden":false},"criteria":{

"minecraft:azalea":{"trigger":"minecraft:inventory_changed","conditions":{"items":[{"items":["minecraft:azalea"]}]}},
"minecraft:flowering_azalea":{"trigger":"minecraft:inventory_changed","conditions":{"items":[{"items":["minecraft:flowering_azalea"]}]}}

		},"requirements":[

["minecraft:azalea"],
["minecraft:flowering_azalea"]
		]}
