		{"parent":
"all_item:life/plant/tree/_family",
		"display":{"icon":{"item":
"minecraft:birch_leaves"
		},"title":
"树叶属",
		"description":"","frame":"task","show_toast":true,"announce_to_chat":true,
		"hidden":false},"criteria":{

"minecraft:birch_leaves":{"trigger":"minecraft:inventory_changed","conditions":{"items":[{"items":["minecraft:birch_leaves"]}]}},
"minecraft:dark_oak_leaves":{"trigger":"minecraft:inventory_changed","conditions":{"items":[{"items":["minecraft:dark_oak_leaves"]}]}},
"minecraft:jungle_leaves":{"trigger":"minecraft:inventory_changed","conditions":{"items":[{"items":["minecraft:jungle_leaves"]}]}},
"minecraft:oak_leaves":{"trigger":"minecraft:inventory_changed","conditions":{"items":[{"items":["minecraft:oak_leaves"]}]}},
"minecraft:spruce_leaves":{"trigger":"minecraft:inventory_changed","conditions":{"items":[{"items":["minecraft:spruce_leaves"]}]}},
"minecraft:mangrove_leaves":{"trigger":"minecraft:inventory_changed","conditions":{"items":[{"items":["minecraft:mangrove_leaves"]}]}},
"minecraft:acacia_leaves":{"trigger":"minecraft:inventory_changed","conditions":{"items":[{"items":["minecraft:acacia_leaves"]}]}},
"minecraft:azalea_leaves":{"trigger":"minecraft:inventory_changed","conditions":{"items":[{"items":["minecraft:azalea_leaves"]}]}},
"minecraft:flowering_azalea_leaves":{"trigger":"minecraft:inventory_changed","conditions":{"items":[{"items":["minecraft:flowering_azalea_leaves"]}]}}

		},"requirements":[

["minecraft:birch_leaves"],
["minecraft:dark_oak_leaves"],
["minecraft:jungle_leaves"],
["minecraft:oak_leaves"],
["minecraft:spruce_leaves"],
["minecraft:mangrove_leaves"],
["minecraft:acacia_leaves"],
["minecraft:azalea_leaves"],
["minecraft:flowering_azalea_leaves"]
		]}
