		{"parent":
"all_item:life/plant/tree/_family",
		"display":{"icon":{"item":
"minecraft:birch_sapling"
		},"title":
"树苗属",
		"description":"","frame":"task","show_toast":true,"announce_to_chat":true,
		"hidden":false},"criteria":{

"minecraft:birch_sapling":{"trigger":"minecraft:inventory_changed","conditions":{"items":[{"items":["minecraft:birch_sapling"]}]}},
"minecraft:dark_oak_sapling":{"trigger":"minecraft:inventory_changed","conditions":{"items":[{"items":["minecraft:dark_oak_sapling"]}]}},
"minecraft:jungle_sapling":{"trigger":"minecraft:inventory_changed","conditions":{"items":[{"items":["minecraft:jungle_sapling"]}]}},
"minecraft:oak_sapling":{"trigger":"minecraft:inventory_changed","conditions":{"items":[{"items":["minecraft:oak_sapling"]}]}},
"minecraft:spruce_sapling":{"trigger":"minecraft:inventory_changed","conditions":{"items":[{"items":["minecraft:spruce_sapling"]}]}},
"minecraft:mangrove_propagule":{"trigger":"minecraft:inventory_changed","conditions":{"items":[{"items":["minecraft:mangrove_propagule"]}]}},
"minecraft:acacia_sapling":{"trigger":"minecraft:inventory_changed","conditions":{"items":[{"items":["minecraft:acacia_sapling"]}]}}

		},"requirements":[

["minecraft:birch_sapling"],
["minecraft:dark_oak_sapling"],
["minecraft:jungle_sapling"],
["minecraft:oak_sapling"],
["minecraft:spruce_sapling"],
["minecraft:mangrove_propagule"],
["minecraft:acacia_sapling"]
		]}
