		{"parent":
"all_item:life/plant/grass/_family",
		"display":{"icon":{"item":
"minecraft:grass"
		},"title":
"草丛属",
		"description":"","frame":"task","show_toast":true,"announce_to_chat":true,
		"hidden":false},"criteria":{

"minecraft:grass":{"trigger":"minecraft:inventory_changed","conditions":{"items":[{"items":["minecraft:grass"]}]}},
"minecraft:tall_grass":{"trigger":"minecraft:inventory_changed","conditions":{"items":[{"items":["minecraft:tall_grass"]}]}},
"minecraft:fern":{"trigger":"minecraft:inventory_changed","conditions":{"items":[{"items":["minecraft:fern"]}]}},
"minecraft:large_fern":{"trigger":"minecraft:inventory_changed","conditions":{"items":[{"items":["minecraft:large_fern"]}]}}

		},"requirements":[

["minecraft:grass"],
["minecraft:tall_grass"],
["minecraft:fern"],
["minecraft:large_fern"]
		]}
