		{"parent":
"all_item:life/plant/grass/_family",
		"display":{"icon":{"item":
"minecraft:poppy"
		},"title":
"花属",
		"description":"","frame":"task","show_toast":true,"announce_to_chat":true,
		"hidden":false},"criteria":{

"minecraft:poppy":{"trigger":"minecraft:inventory_changed","conditions":{"items":[{"items":["minecraft:poppy"]}]}},
"minecraft:azure_bluet":{"trigger":"minecraft:inventory_changed","conditions":{"items":[{"items":["minecraft:azure_bluet"]}]}},
"minecraft:blue_orchid":{"trigger":"minecraft:inventory_changed","conditions":{"items":[{"items":["minecraft:blue_orchid"]}]}},
"minecraft:dandelion":{"trigger":"minecraft:inventory_changed","conditions":{"items":[{"items":["minecraft:dandelion"]}]}},
"minecraft:allium":{"trigger":"minecraft:inventory_changed","conditions":{"items":[{"items":["minecraft:allium"]}]}},
"minecraft:orange_tulip":{"trigger":"minecraft:inventory_changed","conditions":{"items":[{"items":["minecraft:orange_tulip"]}]}},
"minecraft:pink_tulip":{"trigger":"minecraft:inventory_changed","conditions":{"items":[{"items":["minecraft:pink_tulip"]}]}},
"minecraft:red_tulip":{"trigger":"minecraft:inventory_changed","conditions":{"items":[{"items":["minecraft:red_tulip"]}]}},
"minecraft:white_tulip":{"trigger":"minecraft:inventory_changed","conditions":{"items":[{"items":["minecraft:white_tulip"]}]}},
"minecraft:cornflower":{"trigger":"minecraft:inventory_changed","conditions":{"items":[{"items":["minecraft:cornflower"]}]}},
"minecraft:oxeye_daisy":{"trigger":"minecraft:inventory_changed","conditions":{"items":[{"items":["minecraft:oxeye_daisy"]}]}},
"minecraft:lily_of_the_valley":{"trigger":"minecraft:inventory_changed","conditions":{"items":[{"items":["minecraft:lily_of_the_valley"]}]}},
"minecraft:wither_rose":{"trigger":"minecraft:inventory_changed","conditions":{"items":[{"items":["minecraft:wither_rose"]}]}},
"minecraft:rose_bush":{"trigger":"minecraft:inventory_changed","conditions":{"items":[{"items":["minecraft:rose_bush"]}]}},
"minecraft:sunflower":{"trigger":"minecraft:inventory_changed","conditions":{"items":[{"items":["minecraft:sunflower"]}]}},
"minecraft:peony":{"trigger":"minecraft:inventory_changed","conditions":{"items":[{"items":["minecraft:peony"]}]}},
"minecraft:lilac":{"trigger":"minecraft:inventory_changed","conditions":{"items":[{"items":["minecraft:lilac"]}]}}

		},"requirements":[

["minecraft:poppy"],
["minecraft:azure_bluet"],
["minecraft:blue_orchid"],
["minecraft:dandelion"],
["minecraft:allium"],
["minecraft:orange_tulip"],
["minecraft:pink_tulip"],
["minecraft:red_tulip"],
["minecraft:white_tulip"],
["minecraft:cornflower"],
["minecraft:oxeye_daisy"],
["minecraft:lily_of_the_valley"],
["minecraft:wither_rose"],
["minecraft:rose_bush"],
["minecraft:sunflower"],
["minecraft:peony"],
["minecraft:lilac"]
		]}
