		{"parent":
"all_item:life/plant/root",
		"display":{"icon":{"item":
"minecraft:wheat"
		},"title":
"农作物科",
		"description":"","frame":"task","show_toast":true,"announce_to_chat":true,
		"hidden":false},"criteria":{

"minecraft:wheat":{"trigger":"minecraft:inventory_changed","conditions":{"items":[{"items":["minecraft:wheat"]}]}},
"minecraft:hay_block":{"trigger":"minecraft:inventory_changed","conditions":{"items":[{"items":["minecraft:hay_block"]}]}},
"minecraft:pumpkin":{"trigger":"minecraft:inventory_changed","conditions":{"items":[{"items":["minecraft:pumpkin"]}]}},
"minecraft:carved_pumpkin":{"trigger":"minecraft:inventory_changed","conditions":{"items":[{"items":["minecraft:carved_pumpkin"]}]}},
"minecraft:cocoa_beans":{"trigger":"minecraft:inventory_changed","conditions":{"items":[{"items":["minecraft:cocoa_beans"]}]}},
"minecraft:wheat_seeds":{"trigger":"minecraft:inventory_changed","conditions":{"items":[{"items":["minecraft:wheat_seeds"]}]}},
"minecraft:beetroot_seeds":{"trigger":"minecraft:inventory_changed","conditions":{"items":[{"items":["minecraft:beetroot_seeds"]}]}},
"minecraft:pumpkin_seeds":{"trigger":"minecraft:inventory_changed","conditions":{"items":[{"items":["minecraft:pumpkin_seeds"]}]}},
"minecraft:melon_seeds":{"trigger":"minecraft:inventory_changed","conditions":{"items":[{"items":["minecraft:melon_seeds"]}]}}

		},"requirements":[

["minecraft:wheat",
"minecraft:hay_block",
"minecraft:pumpkin",
"minecraft:carved_pumpkin",
"minecraft:cocoa_beans",
"minecraft:wheat_seeds",
"minecraft:beetroot_seeds",
"minecraft:pumpkin_seeds",
"minecraft:melon_seeds"]
		]}
