		{"parent":
"all_item:life/plant/crop/_family",
		"display":{"icon":{"item":
"minecraft:pumpkin"
		},"title":
"南瓜属",
		"description":"","frame":"task","show_toast":true,"announce_to_chat":true,
		"hidden":false},"criteria":{

"minecraft:pumpkin":{"trigger":"minecraft:inventory_changed","conditions":{"items":[{"items":["minecraft:pumpkin"]}]}},
"minecraft:carved_pumpkin":{"trigger":"minecraft:inventory_changed","conditions":{"items":[{"items":["minecraft:carved_pumpkin"]}]}}

		},"requirements":[

["minecraft:pumpkin"],
["minecraft:carved_pumpkin"]
		]}
