		{"parent":
"all_item:stone/stone/root",
		"display":{"icon":{"item":
"minecraft:andesite"
		},"title":
"主世界岩科",
		"description":"","frame":"task","show_toast":true,"announce_to_chat":true,
		"hidden":false},"criteria":{

"minecraft:andesite":{"trigger":"minecraft:inventory_changed","conditions":{"items":[{"items":["minecraft:andesite"]}]}},
"minecraft:polished_andesite":{"trigger":"minecraft:inventory_changed","conditions":{"items":[{"items":["minecraft:polished_andesite"]}]}},
"minecraft:diorite":{"trigger":"minecraft:inventory_changed","conditions":{"items":[{"items":["minecraft:diorite"]}]}},
"minecraft:polished_diorite":{"trigger":"minecraft:inventory_changed","conditions":{"items":[{"items":["minecraft:polished_diorite"]}]}},
"minecraft:granite":{"trigger":"minecraft:inventory_changed","conditions":{"items":[{"items":["minecraft:granite"]}]}},
"minecraft:polished_granite":{"trigger":"minecraft:inventory_changed","conditions":{"items":[{"items":["minecraft:polished_granite"]}]}},
"minecraft:tuff":{"trigger":"minecraft:inventory_changed","conditions":{"items":[{"items":["minecraft:tuff"]}]}},
"minecraft:calcite":{"trigger":"minecraft:inventory_changed","conditions":{"items":[{"items":["minecraft:calcite"]}]}},
"minecraft:dripstone_block":{"trigger":"minecraft:inventory_changed","conditions":{"items":[{"items":["minecraft:dripstone_block"]}]}},
"minecraft:pointed_dripstone":{"trigger":"minecraft:inventory_changed","conditions":{"items":[{"items":["minecraft:pointed_dripstone"]}]}},
"minecraft:prismarine":{"trigger":"minecraft:inventory_changed","conditions":{"items":[{"items":["minecraft:prismarine"]}]}},
"minecraft:dark_prismarine":{"trigger":"minecraft:inventory_changed","conditions":{"items":[{"items":["minecraft:dark_prismarine"]}]}},
"minecraft:prismarine_bricks":{"trigger":"minecraft:inventory_changed","conditions":{"items":[{"items":["minecraft:prismarine_bricks"]}]}},
"minecraft:sandstone":{"trigger":"minecraft:inventory_changed","conditions":{"items":[{"items":["minecraft:sandstone"]}]}},
"minecraft:red_sandstone":{"trigger":"minecraft:inventory_changed","conditions":{"items":[{"items":["minecraft:red_sandstone"]}]}},
"minecraft:chiseled_red_sandstone":{"trigger":"minecraft:inventory_changed","conditions":{"items":[{"items":["minecraft:chiseled_red_sandstone"]}]}},
"minecraft:chiseled_sandstone":{"trigger":"minecraft:inventory_changed","conditions":{"items":[{"items":["minecraft:chiseled_sandstone"]}]}},
"minecraft:cut_red_sandstone":{"trigger":"minecraft:inventory_changed","conditions":{"items":[{"items":["minecraft:cut_red_sandstone"]}]}},
"minecraft:cut_sandstone":{"trigger":"minecraft:inventory_changed","conditions":{"items":[{"items":["minecraft:cut_sandstone"]}]}},
"minecraft:smooth_red_sandstone":{"trigger":"minecraft:inventory_changed","conditions":{"items":[{"items":["minecraft:smooth_red_sandstone"]}]}},
"minecraft:smooth_sandstone":{"trigger":"minecraft:inventory_changed","conditions":{"items":[{"items":["minecraft:smooth_sandstone"]}]}}

		},"requirements":[

["minecraft:andesite",
"minecraft:polished_andesite",
"minecraft:diorite",
"minecraft:polished_diorite",
"minecraft:granite",
"minecraft:polished_granite",
"minecraft:tuff",
"minecraft:calcite",
"minecraft:dripstone_block",
"minecraft:pointed_dripstone",
"minecraft:prismarine",
"minecraft:dark_prismarine",
"minecraft:prismarine_bricks",
"minecraft:sandstone",
"minecraft:red_sandstone",
"minecraft:chiseled_red_sandstone",
"minecraft:chiseled_sandstone",
"minecraft:cut_red_sandstone",
"minecraft:cut_sandstone",
"minecraft:smooth_red_sandstone",
"minecraft:smooth_sandstone"]
		]}
