		{"parent":
"all_item:stone/stone/mainworld/_family",
		"display":{"icon":{"item":
"minecraft:andesite"
		},"title":
"安山岩属",
		"description":"","frame":"task","show_toast":true,"announce_to_chat":true,
		"hidden":false},"criteria":{

"minecraft:andesite":{"trigger":"minecraft:inventory_changed","conditions":{"items":[{"items":["minecraft:andesite"]}]}},
"minecraft:polished_andesite":{"trigger":"minecraft:inventory_changed","conditions":{"items":[{"items":["minecraft:polished_andesite"]}]}}

		},"requirements":[

["minecraft:andesite"],
["minecraft:polished_andesite"]
		]}
