		{"parent":
"all_item:stone/stone/mainworld/_family",
		"display":{"icon":{"item":
"minecraft:diorite"
		},"title":
"闪长岩属",
		"description":"","frame":"task","show_toast":true,"announce_to_chat":true,
		"hidden":false},"criteria":{

"minecraft:diorite":{"trigger":"minecraft:inventory_changed","conditions":{"items":[{"items":["minecraft:diorite"]}]}},
"minecraft:polished_diorite":{"trigger":"minecraft:inventory_changed","conditions":{"items":[{"items":["minecraft:polished_diorite"]}]}}

		},"requirements":[

["minecraft:diorite"],
["minecraft:polished_diorite"]
		]}
