		{"parent":
"all_item:stone/stone/mainworld/_family",
		"display":{"icon":{"item":
"minecraft:granite"
		},"title":
"花岗岩属",
		"description":"","frame":"task","show_toast":true,"announce_to_chat":true,
		"hidden":false},"criteria":{

"minecraft:granite":{"trigger":"minecraft:inventory_changed","conditions":{"items":[{"items":["minecraft:granite"]}]}},
"minecraft:polished_granite":{"trigger":"minecraft:inventory_changed","conditions":{"items":[{"items":["minecraft:polished_granite"]}]}}

		},"requirements":[

["minecraft:granite"],
["minecraft:polished_granite"]
		]}
