		{"parent":
"all_item:stone/stone/mainworld/_family",
		"display":{"icon":{"item":
"minecraft:prismarine"
		},"title":
"海晶石属",
		"description":"","frame":"task","show_toast":true,"announce_to_chat":true,
		"hidden":false},"criteria":{

"minecraft:prismarine":{"trigger":"minecraft:inventory_changed","conditions":{"items":[{"items":["minecraft:prismarine"]}]}},
"minecraft:dark_prismarine":{"trigger":"minecraft:inventory_changed","conditions":{"items":[{"items":["minecraft:dark_prismarine"]}]}},
"minecraft:prismarine_bricks":{"trigger":"minecraft:inventory_changed","conditions":{"items":[{"items":["minecraft:prismarine_bricks"]}]}}

		},"requirements":[

["minecraft:prismarine"],
["minecraft:dark_prismarine"],
["minecraft:prismarine_bricks"]
		]}
