		{"parent":
"all_item:stone/stone/mainworld/_family",
		"display":{"icon":{"item":
"minecraft:sandstone"
		},"title":
"砂岩属",
		"description":"","frame":"task","show_toast":true,"announce_to_chat":true,
		"hidden":false},"criteria":{

"minecraft:sandstone":{"trigger":"minecraft:inventory_changed","conditions":{"items":[{"items":["minecraft:sandstone"]}]}},
"minecraft:red_sandstone":{"trigger":"minecraft:inventory_changed","conditions":{"items":[{"items":["minecraft:red_sandstone"]}]}},
"minecraft:chiseled_red_sandstone":{"trigger":"minecraft:inventory_changed","conditions":{"items":[{"items":["minecraft:chiseled_red_sandstone"]}]}},
"minecraft:chiseled_sandstone":{"trigger":"minecraft:inventory_changed","conditions":{"items":[{"items":["minecraft:chiseled_sandstone"]}]}},
"minecraft:cut_red_sandstone":{"trigger":"minecraft:inventory_changed","conditions":{"items":[{"items":["minecraft:cut_red_sandstone"]}]}},
"minecraft:cut_sandstone":{"trigger":"minecraft:inventory_changed","conditions":{"items":[{"items":["minecraft:cut_sandstone"]}]}},
"minecraft:smooth_red_sandstone":{"trigger":"minecraft:inventory_changed","conditions":{"items":[{"items":["minecraft:smooth_red_sandstone"]}]}},
"minecraft:smooth_sandstone":{"trigger":"minecraft:inventory_changed","conditions":{"items":[{"items":["minecraft:smooth_sandstone"]}]}}

		},"requirements":[

["minecraft:sandstone"],
["minecraft:red_sandstone"],
["minecraft:chiseled_red_sandstone"],
["minecraft:chiseled_sandstone"],
["minecraft:cut_red_sandstone"],
["minecraft:cut_sandstone"],
["minecraft:smooth_red_sandstone"],
["minecraft:smooth_sandstone"]
		]}
