		{"display":{"icon":{"item":
"minecraft:sand"
		},"title":
"沙目",
		"description":"","frame":"task","background":"minecraft:textures/gui/advancements/backgrounds/stone.png",
        "show_toast":true,"announce_to_chat":true,"hidden":false},"criteria":{

"minecraft:sand":{"trigger":"minecraft:inventory_changed","conditions":{"items":[{"items":["minecraft:sand"]}]}},
"minecraft:red_sand":{"trigger":"minecraft:inventory_changed","conditions":{"items":[{"items":["minecraft:red_sand"]}]}},
"minecraft:gravel":{"trigger":"minecraft:inventory_changed","conditions":{"items":[{"items":["minecraft:gravel"]}]}},
"minecraft:soul_sand":{"trigger":"minecraft:inventory_changed","conditions":{"items":[{"items":["minecraft:soul_sand"]}]}},
"minecraft:soul_soil":{"trigger":"minecraft:inventory_changed","conditions":{"items":[{"items":["minecraft:soul_soil"]}]}},
"minecraft:snow":{"trigger":"minecraft:inventory_changed","conditions":{"items":[{"items":["minecraft:snow"]}]}},
"minecraft:snowball":{"trigger":"minecraft:inventory_changed","conditions":{"items":[{"items":["minecraft:snowball"]}]}},
"minecraft:snow_block":{"trigger":"minecraft:inventory_changed","conditions":{"items":[{"items":["minecraft:snow_block"]}]}}

		},"requirements":[

["minecraft:sand",
"minecraft:red_sand",
"minecraft:gravel",
"minecraft:soul_sand",
"minecraft:soul_soil",
"minecraft:snow",
"minecraft:snowball",
"minecraft:snow_block"]
		]}
