		{"parent":
"all_item:arm/tool/root",
		"display":{"icon":{"item":
"minecraft:book"
		},"title":
"信息科",
		"description":"","frame":"task","show_toast":true,"announce_to_chat":true,
		"hidden":false},"criteria":{

"minecraft:book":{"trigger":"minecraft:inventory_changed","conditions":{"items":[{"items":["minecraft:book"]}]}},
"minecraft:writable_book":{"trigger":"minecraft:inventory_changed","conditions":{"items":[{"items":["minecraft:writable_book"]}]}},
"minecraft:written_book":{"trigger":"minecraft:inventory_changed","conditions":{"items":[{"items":["minecraft:written_book"]}]}},
"minecraft:paper":{"trigger":"minecraft:inventory_changed","conditions":{"items":[{"items":["minecraft:paper"]}]}},
"minecraft:map":{"trigger":"minecraft:inventory_changed","conditions":{"items":[{"items":["minecraft:map"]}]}},
"minecraft:filled_map":{"trigger":"minecraft:inventory_changed","conditions":{"items":[{"items":["minecraft:filled_map"]}]}},
"minecraft:compass":{"trigger":"minecraft:inventory_changed","conditions":{"items":[{"items":["minecraft:compass"]}]}},
"minecraft:echo_shard":{"trigger":"minecraft:inventory_changed","conditions":{"items":[{"items":["minecraft:echo_shard"]}]}},
"minecraft:recovery_compass":{"trigger":"minecraft:inventory_changed","conditions":{"items":[{"items":["minecraft:recovery_compass"]}]}},
"minecraft:clock":{"trigger":"minecraft:inventory_changed","conditions":{"items":[{"items":["minecraft:clock"]}]}},
"minecraft:item_frame":{"trigger":"minecraft:inventory_changed","conditions":{"items":[{"items":["minecraft:item_frame"]}]}},
"minecraft:glow_item_frame":{"trigger":"minecraft:inventory_changed","conditions":{"items":[{"items":["minecraft:glow_item_frame"]}]}},
"minecraft:birch_sign":{"trigger":"minecraft:inventory_changed","conditions":{"items":[{"items":["minecraft:birch_sign"]}]}},
"minecraft:acacia_sign":{"trigger":"minecraft:inventory_changed","conditions":{"items":[{"items":["minecraft:acacia_sign"]}]}},
"minecraft:dark_oak_sign":{"trigger":"minecraft:inventory_changed","conditions":{"items":[{"items":["minecraft:dark_oak_sign"]}]}},
"minecraft:crimson_sign":{"trigger":"minecraft:inventory_changed","conditions":{"items":[{"items":["minecraft:crimson_sign"]}]}},
"minecraft:jungle_sign":{"trigger":"minecraft:inventory_changed","conditions":{"items":[{"items":["minecraft:jungle_sign"]}]}},
"minecraft:oak_sign":{"trigger":"minecraft:inventory_changed","conditions":{"items":[{"items":["minecraft:oak_sign"]}]}},
"minecraft:spruce_sign":{"trigger":"minecraft:inventory_changed","conditions":{"items":[{"items":["minecraft:spruce_sign"]}]}},
"minecraft:warped_sign":{"trigger":"minecraft:inventory_changed","conditions":{"items":[{"items":["minecraft:warped_sign"]}]}},
"minecraft:mangrove_sign":{"trigger":"minecraft:inventory_changed","conditions":{"items":[{"items":["minecraft:mangrove_sign"]}]}},
"minecraft:name_tag":{"trigger":"minecraft:inventory_changed","conditions":{"items":[{"items":["minecraft:name_tag"]}]}},
"minecraft:painting":{"trigger":"minecraft:inventory_changed","conditions":{"items":[{"items":["minecraft:painting"]}]}}

		},"requirements":[

["minecraft:book",
"minecraft:writable_book",
"minecraft:written_book",
"minecraft:paper",
"minecraft:map",
"minecraft:filled_map",
"minecraft:compass",
"minecraft:echo_shard",
"minecraft:recovery_compass",
"minecraft:clock",
"minecraft:item_frame",
"minecraft:glow_item_frame",
"minecraft:birch_sign",
"minecraft:acacia_sign",
"minecraft:dark_oak_sign",
"minecraft:crimson_sign",
"minecraft:jungle_sign",
"minecraft:oak_sign",
"minecraft:spruce_sign",
"minecraft:warped_sign",
"minecraft:mangrove_sign",
"minecraft:name_tag",
"minecraft:painting"]
		]}
