		{"parent":
"all_item:arm/tool/information/_family",
		"display":{"icon":{"item":
"minecraft:birch_sign"
		},"title":
"告示牌属",
		"description":"","frame":"task","show_toast":true,"announce_to_chat":true,
		"hidden":false},"criteria":{

"minecraft:birch_sign":{"trigger":"minecraft:inventory_changed","conditions":{"items":[{"items":["minecraft:birch_sign"]}]}},
"minecraft:acacia_sign":{"trigger":"minecraft:inventory_changed","conditions":{"items":[{"items":["minecraft:acacia_sign"]}]}},
"minecraft:dark_oak_sign":{"trigger":"minecraft:inventory_changed","conditions":{"items":[{"items":["minecraft:dark_oak_sign"]}]}},
"minecraft:crimson_sign":{"trigger":"minecraft:inventory_changed","conditions":{"items":[{"items":["minecraft:crimson_sign"]}]}},
"minecraft:jungle_sign":{"trigger":"minecraft:inventory_changed","conditions":{"items":[{"items":["minecraft:jungle_sign"]}]}},
"minecraft:oak_sign":{"trigger":"minecraft:inventory_changed","conditions":{"items":[{"items":["minecraft:oak_sign"]}]}},
"minecraft:spruce_sign":{"trigger":"minecraft:inventory_changed","conditions":{"items":[{"items":["minecraft:spruce_sign"]}]}},
"minecraft:warped_sign":{"trigger":"minecraft:inventory_changed","conditions":{"items":[{"items":["minecraft:warped_sign"]}]}},
"minecraft:mangrove_sign":{"trigger":"minecraft:inventory_changed","conditions":{"items":[{"items":["minecraft:mangrove_sign"]}]}}

		},"requirements":[

["minecraft:birch_sign"],
["minecraft:acacia_sign"],
["minecraft:dark_oak_sign"],
["minecraft:crimson_sign"],
["minecraft:jungle_sign"],
["minecraft:oak_sign"],
["minecraft:spruce_sign"],
["minecraft:warped_sign"],
["minecraft:mangrove_sign"]
		]}
