		{"parent":
"all_item:arm/tool/information/_family",
		"display":{"icon":{"item":
"minecraft:item_frame"
		},"title":
"物品展示框属",
		"description":"","frame":"task","show_toast":true,"announce_to_chat":true,
		"hidden":false},"criteria":{

"minecraft:item_frame":{"trigger":"minecraft:inventory_changed","conditions":{"items":[{"items":["minecraft:item_frame"]}]}},
"minecraft:glow_item_frame":{"trigger":"minecraft:inventory_changed","conditions":{"items":[{"items":["minecraft:glow_item_frame"]}]}}

		},"requirements":[

["minecraft:item_frame"],
["minecraft:glow_item_frame"]
		]}
