		{"parent":
"all_item:arm/tool/information/_family",
		"display":{"icon":{"item":
"minecraft:map"
		},"title":
"地图属",
		"description":"","frame":"task","show_toast":true,"announce_to_chat":true,
		"hidden":false},"criteria":{

"minecraft:map":{"trigger":"minecraft:inventory_changed","conditions":{"items":[{"items":["minecraft:map"]}]}},
"minecraft:filled_map":{"trigger":"minecraft:inventory_changed","conditions":{"items":[{"items":["minecraft:filled_map"]}]}}

		},"requirements":[

["minecraft:map"],
["minecraft:filled_map"]
		]}
