		{"display":{"icon":{"item":
"minecraft:iron_ore"
		},"title":
"矿物目",
		"description":"","frame":"task","background":"minecraft:textures/gui/advancements/backgrounds/stone.png",
        "show_toast":true,"announce_to_chat":true,"hidden":false},"criteria":{

"minecraft:iron_ore":{"trigger":"minecraft:inventory_changed","conditions":{"items":[{"items":["minecraft:iron_ore"]}]}},
"minecraft:deepslate_iron_ore":{"trigger":"minecraft:inventory_changed","conditions":{"items":[{"items":["minecraft:deepslate_iron_ore"]}]}},
"minecraft:deepslate_coal_ore":{"trigger":"minecraft:inventory_changed","conditions":{"items":[{"items":["minecraft:deepslate_coal_ore"]}]}},
"minecraft:coal_ore":{"trigger":"minecraft:inventory_changed","conditions":{"items":[{"items":["minecraft:coal_ore"]}]}},
"minecraft:deepslate_copper_ore":{"trigger":"minecraft:inventory_changed","conditions":{"items":[{"items":["minecraft:deepslate_copper_ore"]}]}},
"minecraft:copper_ore":{"trigger":"minecraft:inventory_changed","conditions":{"items":[{"items":["minecraft:copper_ore"]}]}},
"minecraft:deepslate_lapis_ore":{"trigger":"minecraft:inventory_changed","conditions":{"items":[{"items":["minecraft:deepslate_lapis_ore"]}]}},
"minecraft:lapis_ore":{"trigger":"minecraft:inventory_changed","conditions":{"items":[{"items":["minecraft:lapis_ore"]}]}},
"minecraft:deepslate_gold_ore":{"trigger":"minecraft:inventory_changed","conditions":{"items":[{"items":["minecraft:deepslate_gold_ore"]}]}},
"minecraft:gold_ore":{"trigger":"minecraft:inventory_changed","conditions":{"items":[{"items":["minecraft:gold_ore"]}]}},
"minecraft:deepslate_redstone_ore":{"trigger":"minecraft:inventory_changed","conditions":{"items":[{"items":["minecraft:deepslate_redstone_ore"]}]}},
"minecraft:redstone_ore":{"trigger":"minecraft:inventory_changed","conditions":{"items":[{"items":["minecraft:redstone_ore"]}]}},
"minecraft:diamond_ore":{"trigger":"minecraft:inventory_changed","conditions":{"items":[{"items":["minecraft:diamond_ore"]}]}},
"minecraft:deepslate_diamond_ore":{"trigger":"minecraft:inventory_changed","conditions":{"items":[{"items":["minecraft:deepslate_diamond_ore"]}]}},
"minecraft:deepslate_emerald_ore":{"trigger":"minecraft:inventory_changed","conditions":{"items":[{"items":["minecraft:deepslate_emerald_ore"]}]}},
"minecraft:emerald_ore":{"trigger":"minecraft:inventory_changed","conditions":{"items":[{"items":["minecraft:emerald_ore"]}]}},
"minecraft:nether_quartz_ore":{"trigger":"minecraft:inventory_changed","conditions":{"items":[{"items":["minecraft:nether_quartz_ore"]}]}},
"minecraft:nether_gold_ore":{"trigger":"minecraft:inventory_changed","conditions":{"items":[{"items":["minecraft:nether_gold_ore"]}]}},
"minecraft:ancient_debris":{"trigger":"minecraft:inventory_changed","conditions":{"items":[{"items":["minecraft:ancient_debris"]}]}},
"minecraft:raw_iron":{"trigger":"minecraft:inventory_changed","conditions":{"items":[{"items":["minecraft:raw_iron"]}]}},
"minecraft:raw_copper":{"trigger":"minecraft:inventory_changed","conditions":{"items":[{"items":["minecraft:raw_copper"]}]}},
"minecraft:raw_gold":{"trigger":"minecraft:inventory_changed","conditions":{"items":[{"items":["minecraft:raw_gold"]}]}},
"minecraft:netherite_scrap":{"trigger":"minecraft:inventory_changed","conditions":{"items":[{"items":["minecraft:netherite_scrap"]}]}},
"minecraft:gold_nugget":{"trigger":"minecraft:inventory_changed","conditions":{"items":[{"items":["minecraft:gold_nugget"]}]}},
"minecraft:iron_nugget":{"trigger":"minecraft:inventory_changed","conditions":{"items":[{"items":["minecraft:iron_nugget"]}]}},
"minecraft:raw_copper_block":{"trigger":"minecraft:inventory_changed","conditions":{"items":[{"items":["minecraft:raw_copper_block"]}]}},
"minecraft:raw_gold_block":{"trigger":"minecraft:inventory_changed","conditions":{"items":[{"items":["minecraft:raw_gold_block"]}]}},
"minecraft:raw_iron_block":{"trigger":"minecraft:inventory_changed","conditions":{"items":[{"items":["minecraft:raw_iron_block"]}]}},
"minecraft:amethyst_cluster":{"trigger":"minecraft:inventory_changed","conditions":{"items":[{"items":["minecraft:amethyst_cluster"]}]}},
"minecraft:small_amethyst_bud":{"trigger":"minecraft:inventory_changed","conditions":{"items":[{"items":["minecraft:small_amethyst_bud"]}]}},
"minecraft:medium_amethyst_bud":{"trigger":"minecraft:inventory_changed","conditions":{"items":[{"items":["minecraft:medium_amethyst_bud"]}]}},
"minecraft:large_amethyst_bud":{"trigger":"minecraft:inventory_changed","conditions":{"items":[{"items":["minecraft:large_amethyst_bud"]}]}},
"minecraft:iron_ingot":{"trigger":"minecraft:inventory_changed","conditions":{"items":[{"items":["minecraft:iron_ingot"]}]}},
"minecraft:coal":{"trigger":"minecraft:inventory_changed","conditions":{"items":[{"items":["minecraft:coal"]}]}},
"minecraft:charcoal":{"trigger":"minecraft:inventory_changed","conditions":{"items":[{"items":["minecraft:charcoal"]}]}},
"minecraft:copper_ingot":{"trigger":"minecraft:inventory_changed","conditions":{"items":[{"items":["minecraft:copper_ingot"]}]}},
"minecraft:gold_ingot":{"trigger":"minecraft:inventory_changed","conditions":{"items":[{"items":["minecraft:gold_ingot"]}]}},
"minecraft:diamond":{"trigger":"minecraft:inventory_changed","conditions":{"items":[{"items":["minecraft:diamond"]}]}},
"minecraft:emerald":{"trigger":"minecraft:inventory_changed","conditions":{"items":[{"items":["minecraft:emerald"]}]}},
"minecraft:lapis_lazuli":{"trigger":"minecraft:inventory_changed","conditions":{"items":[{"items":["minecraft:lapis_lazuli"]}]}},
"minecraft:quartz":{"trigger":"minecraft:inventory_changed","conditions":{"items":[{"items":["minecraft:quartz"]}]}},
"minecraft:amethyst_shard":{"trigger":"minecraft:inventory_changed","conditions":{"items":[{"items":["minecraft:amethyst_shard"]}]}},
"minecraft:netherite_ingot":{"trigger":"minecraft:inventory_changed","conditions":{"items":[{"items":["minecraft:netherite_ingot"]}]}},
"minecraft:iron_block":{"trigger":"minecraft:inventory_changed","conditions":{"items":[{"items":["minecraft:iron_block"]}]}},
"minecraft:copper_block":{"trigger":"minecraft:inventory_changed","conditions":{"items":[{"items":["minecraft:copper_block"]}]}},
"minecraft:cut_copper":{"trigger":"minecraft:inventory_changed","conditions":{"items":[{"items":["minecraft:cut_copper"]}]}},
"minecraft:exposed_copper":{"trigger":"minecraft:inventory_changed","conditions":{"items":[{"items":["minecraft:exposed_copper"]}]}},
"minecraft:exposed_cut_copper":{"trigger":"minecraft:inventory_changed","conditions":{"items":[{"items":["minecraft:exposed_cut_copper"]}]}},
"minecraft:oxidized_copper":{"trigger":"minecraft:inventory_changed","conditions":{"items":[{"items":["minecraft:oxidized_copper"]}]}},
"minecraft:oxidized_cut_copper":{"trigger":"minecraft:inventory_changed","conditions":{"items":[{"items":["minecraft:oxidized_cut_copper"]}]}},
"minecraft:waxed_copper_block":{"trigger":"minecraft:inventory_changed","conditions":{"items":[{"items":["minecraft:waxed_copper_block"]}]}},
"minecraft:waxed_cut_copper":{"trigger":"minecraft:inventory_changed","conditions":{"items":[{"items":["minecraft:waxed_cut_copper"]}]}},
"minecraft:waxed_exposed_copper":{"trigger":"minecraft:inventory_changed","conditions":{"items":[{"items":["minecraft:waxed_exposed_copper"]}]}},
"minecraft:waxed_exposed_cut_copper":{"trigger":"minecraft:inventory_changed","conditions":{"items":[{"items":["minecraft:waxed_exposed_cut_copper"]}]}},
"minecraft:waxed_oxidized_copper":{"trigger":"minecraft:inventory_changed","conditions":{"items":[{"items":["minecraft:waxed_oxidized_copper"]}]}},
"minecraft:waxed_oxidized_cut_copper":{"trigger":"minecraft:inventory_changed","conditions":{"items":[{"items":["minecraft:waxed_oxidized_cut_copper"]}]}},
"minecraft:waxed_weathered_copper":{"trigger":"minecraft:inventory_changed","conditions":{"items":[{"items":["minecraft:waxed_weathered_copper"]}]}},
"minecraft:waxed_weathered_cut_copper":{"trigger":"minecraft:inventory_changed","conditions":{"items":[{"items":["minecraft:waxed_weathered_cut_copper"]}]}},
"minecraft:weathered_copper":{"trigger":"minecraft:inventory_changed","conditions":{"items":[{"items":["minecraft:weathered_copper"]}]}},
"minecraft:weathered_cut_copper":{"trigger":"minecraft:inventory_changed","conditions":{"items":[{"items":["minecraft:weathered_cut_copper"]}]}},
"minecraft:coal_block":{"trigger":"minecraft:inventory_changed","conditions":{"items":[{"items":["minecraft:coal_block"]}]}},
"minecraft:lapis_block":{"trigger":"minecraft:inventory_changed","conditions":{"items":[{"items":["minecraft:lapis_block"]}]}},
"minecraft:diamond_block":{"trigger":"minecraft:inventory_changed","conditions":{"items":[{"items":["minecraft:diamond_block"]}]}},
"minecraft:emerald_block":{"trigger":"minecraft:inventory_changed","conditions":{"items":[{"items":["minecraft:emerald_block"]}]}},
"minecraft:gold_block":{"trigger":"minecraft:inventory_changed","conditions":{"items":[{"items":["minecraft:gold_block"]}]}},
"minecraft:netherite_block":{"trigger":"minecraft:inventory_changed","conditions":{"items":[{"items":["minecraft:netherite_block"]}]}},
"minecraft:quartz_block":{"trigger":"minecraft:inventory_changed","conditions":{"items":[{"items":["minecraft:quartz_block"]}]}},
"minecraft:chiseled_quartz_block":{"trigger":"minecraft:inventory_changed","conditions":{"items":[{"items":["minecraft:chiseled_quartz_block"]}]}},
"minecraft:quartz_bricks":{"trigger":"minecraft:inventory_changed","conditions":{"items":[{"items":["minecraft:quartz_bricks"]}]}},
"minecraft:quartz_pillar":{"trigger":"minecraft:inventory_changed","conditions":{"items":[{"items":["minecraft:quartz_pillar"]}]}},
"minecraft:smooth_quartz":{"trigger":"minecraft:inventory_changed","conditions":{"items":[{"items":["minecraft:smooth_quartz"]}]}},
"minecraft:amethyst_block":{"trigger":"minecraft:inventory_changed","conditions":{"items":[{"items":["minecraft:amethyst_block"]}]}}

		},"requirements":[

["minecraft:iron_ore",
"minecraft:deepslate_iron_ore",
"minecraft:deepslate_coal_ore",
"minecraft:coal_ore",
"minecraft:deepslate_copper_ore",
"minecraft:copper_ore",
"minecraft:deepslate_lapis_ore",
"minecraft:lapis_ore",
"minecraft:deepslate_gold_ore",
"minecraft:gold_ore",
"minecraft:deepslate_redstone_ore",
"minecraft:redstone_ore",
"minecraft:diamond_ore",
"minecraft:deepslate_diamond_ore",
"minecraft:deepslate_emerald_ore",
"minecraft:emerald_ore",
"minecraft:nether_quartz_ore",
"minecraft:nether_gold_ore",
"minecraft:ancient_debris",
"minecraft:raw_iron",
"minecraft:raw_copper",
"minecraft:raw_gold",
"minecraft:netherite_scrap",
"minecraft:gold_nugget",
"minecraft:iron_nugget",
"minecraft:raw_copper_block",
"minecraft:raw_gold_block",
"minecraft:raw_iron_block",
"minecraft:amethyst_cluster",
"minecraft:small_amethyst_bud",
"minecraft:medium_amethyst_bud",
"minecraft:large_amethyst_bud",
"minecraft:iron_ingot",
"minecraft:coal",
"minecraft:charcoal",
"minecraft:copper_ingot",
"minecraft:gold_ingot",
"minecraft:diamond",
"minecraft:emerald",
"minecraft:lapis_lazuli",
"minecraft:quartz",
"minecraft:amethyst_shard",
"minecraft:netherite_ingot",
"minecraft:iron_block",
"minecraft:copper_block",
"minecraft:cut_copper",
"minecraft:exposed_copper",
"minecraft:exposed_cut_copper",
"minecraft:oxidized_copper",
"minecraft:oxidized_cut_copper",
"minecraft:waxed_copper_block",
"minecraft:waxed_cut_copper",
"minecraft:waxed_exposed_copper",
"minecraft:waxed_exposed_cut_copper",
"minecraft:waxed_oxidized_copper",
"minecraft:waxed_oxidized_cut_copper",
"minecraft:waxed_weathered_copper",
"minecraft:waxed_weathered_cut_copper",
"minecraft:weathered_copper",
"minecraft:weathered_cut_copper",
"minecraft:coal_block",
"minecraft:lapis_block",
"minecraft:diamond_block",
"minecraft:emerald_block",
"minecraft:gold_block",
"minecraft:netherite_block",
"minecraft:quartz_block",
"minecraft:chiseled_quartz_block",
"minecraft:quartz_bricks",
"minecraft:quartz_pillar",
"minecraft:smooth_quartz",
"minecraft:amethyst_block"]
		]}
