		{"parent":
"all_item:stone/dirt/root",
		"display":{"icon":{"item":
"minecraft:dirt"
		},"title":
"土科",
		"description":"","frame":"task","show_toast":true,"announce_to_chat":true,
		"hidden":false},"criteria":{

"minecraft:dirt":{"trigger":"minecraft:inventory_changed","conditions":{"items":[{"items":["minecraft:dirt"]}]}},
"minecraft:coarse_dirt":{"trigger":"minecraft:inventory_changed","conditions":{"items":[{"items":["minecraft:coarse_dirt"]}]}},
"minecraft:podzol":{"trigger":"minecraft:inventory_changed","conditions":{"items":[{"items":["minecraft:podzol"]}]}},
"minecraft:mycelium":{"trigger":"minecraft:inventory_changed","conditions":{"items":[{"items":["minecraft:mycelium"]}]}},
"minecraft:grass_block":{"trigger":"minecraft:inventory_changed","conditions":{"items":[{"items":["minecraft:grass_block"]}]}},
"minecraft:moss_block":{"trigger":"minecraft:inventory_changed","conditions":{"items":[{"items":["minecraft:moss_block"]}]}},
"minecraft:rooted_dirt":{"trigger":"minecraft:inventory_changed","conditions":{"items":[{"items":["minecraft:rooted_dirt"]}]}}

		},"requirements":[

["minecraft:dirt",
"minecraft:coarse_dirt",
"minecraft:podzol",
"minecraft:mycelium",
"minecraft:grass_block",
"minecraft:moss_block",
"minecraft:rooted_dirt"]
		]}
