		{"parent":
"all_item:stone/stone/root",
		"display":{"icon":{"item":
"minecraft:netherrack"
		},"title":
"下界岩科",
		"description":"","frame":"task","show_toast":true,"announce_to_chat":true,
		"hidden":false},"criteria":{

"minecraft:netherrack":{"trigger":"minecraft:inventory_changed","conditions":{"items":[{"items":["minecraft:netherrack"]}]}},
"minecraft:obsidian":{"trigger":"minecraft:inventory_changed","conditions":{"items":[{"items":["minecraft:obsidian"]}]}},
"minecraft:crying_obsidian":{"trigger":"minecraft:inventory_changed","conditions":{"items":[{"items":["minecraft:crying_obsidian"]}]}},
"minecraft:warped_nylium":{"trigger":"minecraft:inventory_changed","conditions":{"items":[{"items":["minecraft:warped_nylium"]}]}},
"minecraft:crimson_nylium":{"trigger":"minecraft:inventory_changed","conditions":{"items":[{"items":["minecraft:crimson_nylium"]}]}},
"minecraft:magma_block":{"trigger":"minecraft:inventory_changed","conditions":{"items":[{"items":["minecraft:magma_block"]}]}},
"minecraft:basalt":{"trigger":"minecraft:inventory_changed","conditions":{"items":[{"items":["minecraft:basalt"]}]}},
"minecraft:polished_basalt":{"trigger":"minecraft:inventory_changed","conditions":{"items":[{"items":["minecraft:polished_basalt"]}]}},
"minecraft:smooth_basalt":{"trigger":"minecraft:inventory_changed","conditions":{"items":[{"items":["minecraft:smooth_basalt"]}]}}

		},"requirements":[

["minecraft:netherrack",
"minecraft:obsidian",
"minecraft:crying_obsidian",
"minecraft:warped_nylium",
"minecraft:crimson_nylium",
"minecraft:magma_block",
"minecraft:basalt",
"minecraft:polished_basalt",
"minecraft:smooth_basalt"]
		]}
