		{"parent":
"all_item:stone/stone/nether/_family",
		"display":{"icon":{"item":
"minecraft:basalt"
		},"title":
"玄武岩属",
		"description":"","frame":"task","show_toast":true,"announce_to_chat":true,
		"hidden":false},"criteria":{

"minecraft:basalt":{"trigger":"minecraft:inventory_changed","conditions":{"items":[{"items":["minecraft:basalt"]}]}},
"minecraft:polished_basalt":{"trigger":"minecraft:inventory_changed","conditions":{"items":[{"items":["minecraft:polished_basalt"]}]}},
"minecraft:smooth_basalt":{"trigger":"minecraft:inventory_changed","conditions":{"items":[{"items":["minecraft:smooth_basalt"]}]}}

		},"requirements":[

["minecraft:basalt"],
["minecraft:polished_basalt"],
["minecraft:smooth_basalt"]
		]}
