		{"parent":
"all_item:stone/stone/nether/_family",
		"display":{"icon":{"item":
"minecraft:warped_nylium"
		},"title":
"菌岩属",
		"description":"","frame":"task","show_toast":true,"announce_to_chat":true,
		"hidden":false},"criteria":{

"minecraft:warped_nylium":{"trigger":"minecraft:inventory_changed","conditions":{"items":[{"items":["minecraft:warped_nylium"]}]}},
"minecraft:crimson_nylium":{"trigger":"minecraft:inventory_changed","conditions":{"items":[{"items":["minecraft:crimson_nylium"]}]}}

		},"requirements":[

["minecraft:warped_nylium"],
["minecraft:crimson_nylium"]
		]}
