		{"parent":
"all_item:work/stain/root",
		"display":{"icon":{"item":
"minecraft:light_blue_wool"
		},"title":
"羊毛科",
		"description":"","frame":"task","show_toast":true,"announce_to_chat":true,
		"hidden":false},"criteria":{

"minecraft:light_blue_wool":{"trigger":"minecraft:inventory_changed","conditions":{"items":[{"items":["minecraft:light_blue_wool"]}]}},
"minecraft:black_wool":{"trigger":"minecraft:inventory_changed","conditions":{"items":[{"items":["minecraft:black_wool"]}]}},
"minecraft:blue_wool":{"trigger":"minecraft:inventory_changed","conditions":{"items":[{"items":["minecraft:blue_wool"]}]}},
"minecraft:cyan_wool":{"trigger":"minecraft:inventory_changed","conditions":{"items":[{"items":["minecraft:cyan_wool"]}]}},
"minecraft:light_gray_wool":{"trigger":"minecraft:inventory_changed","conditions":{"items":[{"items":["minecraft:light_gray_wool"]}]}},
"minecraft:lime_wool":{"trigger":"minecraft:inventory_changed","conditions":{"items":[{"items":["minecraft:lime_wool"]}]}},
"minecraft:pink_wool":{"trigger":"minecraft:inventory_changed","conditions":{"items":[{"items":["minecraft:pink_wool"]}]}},
"minecraft:magenta_wool":{"trigger":"minecraft:inventory_changed","conditions":{"items":[{"items":["minecraft:magenta_wool"]}]}},
"minecraft:purple_wool":{"trigger":"minecraft:inventory_changed","conditions":{"items":[{"items":["minecraft:purple_wool"]}]}},
"minecraft:green_wool":{"trigger":"minecraft:inventory_changed","conditions":{"items":[{"items":["minecraft:green_wool"]}]}},
"minecraft:gray_wool":{"trigger":"minecraft:inventory_changed","conditions":{"items":[{"items":["minecraft:gray_wool"]}]}},
"minecraft:red_wool":{"trigger":"minecraft:inventory_changed","conditions":{"items":[{"items":["minecraft:red_wool"]}]}},
"minecraft:brown_wool":{"trigger":"minecraft:inventory_changed","conditions":{"items":[{"items":["minecraft:brown_wool"]}]}},
"minecraft:orange_wool":{"trigger":"minecraft:inventory_changed","conditions":{"items":[{"items":["minecraft:orange_wool"]}]}},
"minecraft:white_wool":{"trigger":"minecraft:inventory_changed","conditions":{"items":[{"items":["minecraft:white_wool"]}]}},
"minecraft:yellow_wool":{"trigger":"minecraft:inventory_changed","conditions":{"items":[{"items":["minecraft:yellow_wool"]}]}},
"minecraft:moss_carpet":{"trigger":"minecraft:inventory_changed","conditions":{"items":[{"items":["minecraft:moss_carpet"]}]}},
"minecraft:light_blue_carpet":{"trigger":"minecraft:inventory_changed","conditions":{"items":[{"items":["minecraft:light_blue_carpet"]}]}},
"minecraft:black_carpet":{"trigger":"minecraft:inventory_changed","conditions":{"items":[{"items":["minecraft:black_carpet"]}]}},
"minecraft:blue_carpet":{"trigger":"minecraft:inventory_changed","conditions":{"items":[{"items":["minecraft:blue_carpet"]}]}},
"minecraft:brown_carpet":{"trigger":"minecraft:inventory_changed","conditions":{"items":[{"items":["minecraft:brown_carpet"]}]}},
"minecraft:cyan_carpet":{"trigger":"minecraft:inventory_changed","conditions":{"items":[{"items":["minecraft:cyan_carpet"]}]}},
"minecraft:gray_carpet":{"trigger":"minecraft:inventory_changed","conditions":{"items":[{"items":["minecraft:gray_carpet"]}]}},
"minecraft:green_carpet":{"trigger":"minecraft:inventory_changed","conditions":{"items":[{"items":["minecraft:green_carpet"]}]}},
"minecraft:light_gray_carpet":{"trigger":"minecraft:inventory_changed","conditions":{"items":[{"items":["minecraft:light_gray_carpet"]}]}},
"minecraft:lime_carpet":{"trigger":"minecraft:inventory_changed","conditions":{"items":[{"items":["minecraft:lime_carpet"]}]}},
"minecraft:magenta_carpet":{"trigger":"minecraft:inventory_changed","conditions":{"items":[{"items":["minecraft:magenta_carpet"]}]}},
"minecraft:orange_carpet":{"trigger":"minecraft:inventory_changed","conditions":{"items":[{"items":["minecraft:orange_carpet"]}]}},
"minecraft:pink_carpet":{"trigger":"minecraft:inventory_changed","conditions":{"items":[{"items":["minecraft:pink_carpet"]}]}},
"minecraft:purple_carpet":{"trigger":"minecraft:inventory_changed","conditions":{"items":[{"items":["minecraft:purple_carpet"]}]}},
"minecraft:red_carpet":{"trigger":"minecraft:inventory_changed","conditions":{"items":[{"items":["minecraft:red_carpet"]}]}},
"minecraft:white_carpet":{"trigger":"minecraft:inventory_changed","conditions":{"items":[{"items":["minecraft:white_carpet"]}]}},
"minecraft:yellow_carpet":{"trigger":"minecraft:inventory_changed","conditions":{"items":[{"items":["minecraft:yellow_carpet"]}]}},
"minecraft:globe_banner_pattern":{"trigger":"minecraft:inventory_changed","conditions":{"items":[{"items":["minecraft:globe_banner_pattern"]}]}},
"minecraft:flower_banner_pattern":{"trigger":"minecraft:inventory_changed","conditions":{"items":[{"items":["minecraft:flower_banner_pattern"]}]}},
"minecraft:creeper_banner_pattern":{"trigger":"minecraft:inventory_changed","conditions":{"items":[{"items":["minecraft:creeper_banner_pattern"]}]}},
"minecraft:skull_banner_pattern":{"trigger":"minecraft:inventory_changed","conditions":{"items":[{"items":["minecraft:skull_banner_pattern"]}]}},
"minecraft:mojang_banner_pattern":{"trigger":"minecraft:inventory_changed","conditions":{"items":[{"items":["minecraft:mojang_banner_pattern"]}]}},
"minecraft:piglin_banner_pattern":{"trigger":"minecraft:inventory_changed","conditions":{"items":[{"items":["minecraft:piglin_banner_pattern"]}]}},
"minecraft:light_blue_banner":{"trigger":"minecraft:inventory_changed","conditions":{"items":[{"items":["minecraft:light_blue_banner"]}]}},
"minecraft:black_banner":{"trigger":"minecraft:inventory_changed","conditions":{"items":[{"items":["minecraft:black_banner"]}]}},
"minecraft:blue_banner":{"trigger":"minecraft:inventory_changed","conditions":{"items":[{"items":["minecraft:blue_banner"]}]}},
"minecraft:brown_banner":{"trigger":"minecraft:inventory_changed","conditions":{"items":[{"items":["minecraft:brown_banner"]}]}},
"minecraft:cyan_banner":{"trigger":"minecraft:inventory_changed","conditions":{"items":[{"items":["minecraft:cyan_banner"]}]}},
"minecraft:green_banner":{"trigger":"minecraft:inventory_changed","conditions":{"items":[{"items":["minecraft:green_banner"]}]}},
"minecraft:gray_banner":{"trigger":"minecraft:inventory_changed","conditions":{"items":[{"items":["minecraft:gray_banner"]}]}},
"minecraft:light_gray_banner":{"trigger":"minecraft:inventory_changed","conditions":{"items":[{"items":["minecraft:light_gray_banner"]}]}},
"minecraft:lime_banner":{"trigger":"minecraft:inventory_changed","conditions":{"items":[{"items":["minecraft:lime_banner"]}]}},
"minecraft:magenta_banner":{"trigger":"minecraft:inventory_changed","conditions":{"items":[{"items":["minecraft:magenta_banner"]}]}},
"minecraft:orange_banner":{"trigger":"minecraft:inventory_changed","conditions":{"items":[{"items":["minecraft:orange_banner"]}]}},
"minecraft:pink_banner":{"trigger":"minecraft:inventory_changed","conditions":{"items":[{"items":["minecraft:pink_banner"]}]}},
"minecraft:purple_banner":{"trigger":"minecraft:inventory_changed","conditions":{"items":[{"items":["minecraft:purple_banner"]}]}},
"minecraft:red_banner":{"trigger":"minecraft:inventory_changed","conditions":{"items":[{"items":["minecraft:red_banner"]}]}},
"minecraft:white_banner":{"trigger":"minecraft:inventory_changed","conditions":{"items":[{"items":["minecraft:white_banner"]}]}},
"minecraft:yellow_banner":{"trigger":"minecraft:inventory_changed","conditions":{"items":[{"items":["minecraft:yellow_banner"]}]}},
"minecraft:light_blue_bed":{"trigger":"minecraft:inventory_changed","conditions":{"items":[{"items":["minecraft:light_blue_bed"]}]}},
"minecraft:black_bed":{"trigger":"minecraft:inventory_changed","conditions":{"items":[{"items":["minecraft:black_bed"]}]}},
"minecraft:blue_bed":{"trigger":"minecraft:inventory_changed","conditions":{"items":[{"items":["minecraft:blue_bed"]}]}},
"minecraft:brown_bed":{"trigger":"minecraft:inventory_changed","conditions":{"items":[{"items":["minecraft:brown_bed"]}]}},
"minecraft:cyan_bed":{"trigger":"minecraft:inventory_changed","conditions":{"items":[{"items":["minecraft:cyan_bed"]}]}},
"minecraft:gray_bed":{"trigger":"minecraft:inventory_changed","conditions":{"items":[{"items":["minecraft:gray_bed"]}]}},
"minecraft:green_bed":{"trigger":"minecraft:inventory_changed","conditions":{"items":[{"items":["minecraft:green_bed"]}]}},
"minecraft:light_gray_bed":{"trigger":"minecraft:inventory_changed","conditions":{"items":[{"items":["minecraft:light_gray_bed"]}]}},
"minecraft:lime_bed":{"trigger":"minecraft:inventory_changed","conditions":{"items":[{"items":["minecraft:lime_bed"]}]}},
"minecraft:magenta_bed":{"trigger":"minecraft:inventory_changed","conditions":{"items":[{"items":["minecraft:magenta_bed"]}]}},
"minecraft:orange_bed":{"trigger":"minecraft:inventory_changed","conditions":{"items":[{"items":["minecraft:orange_bed"]}]}},
"minecraft:pink_bed":{"trigger":"minecraft:inventory_changed","conditions":{"items":[{"items":["minecraft:pink_bed"]}]}},
"minecraft:purple_bed":{"trigger":"minecraft:inventory_changed","conditions":{"items":[{"items":["minecraft:purple_bed"]}]}},
"minecraft:red_bed":{"trigger":"minecraft:inventory_changed","conditions":{"items":[{"items":["minecraft:red_bed"]}]}},
"minecraft:white_bed":{"trigger":"minecraft:inventory_changed","conditions":{"items":[{"items":["minecraft:white_bed"]}]}},
"minecraft:yellow_bed":{"trigger":"minecraft:inventory_changed","conditions":{"items":[{"items":["minecraft:yellow_bed"]}]}},
"minecraft:light_blue_candle":{"trigger":"minecraft:inventory_changed","conditions":{"items":[{"items":["minecraft:light_blue_candle"]}]}},
"minecraft:black_candle":{"trigger":"minecraft:inventory_changed","conditions":{"items":[{"items":["minecraft:black_candle"]}]}},
"minecraft:candle":{"trigger":"minecraft:inventory_changed","conditions":{"items":[{"items":["minecraft:candle"]}]}},
"minecraft:blue_candle":{"trigger":"minecraft:inventory_changed","conditions":{"items":[{"items":["minecraft:blue_candle"]}]}},
"minecraft:brown_candle":{"trigger":"minecraft:inventory_changed","conditions":{"items":[{"items":["minecraft:brown_candle"]}]}},
"minecraft:cyan_candle":{"trigger":"minecraft:inventory_changed","conditions":{"items":[{"items":["minecraft:cyan_candle"]}]}},
"minecraft:gray_candle":{"trigger":"minecraft:inventory_changed","conditions":{"items":[{"items":["minecraft:gray_candle"]}]}},
"minecraft:green_candle":{"trigger":"minecraft:inventory_changed","conditions":{"items":[{"items":["minecraft:green_candle"]}]}},
"minecraft:light_gray_candle":{"trigger":"minecraft:inventory_changed","conditions":{"items":[{"items":["minecraft:light_gray_candle"]}]}},
"minecraft:lime_candle":{"trigger":"minecraft:inventory_changed","conditions":{"items":[{"items":["minecraft:lime_candle"]}]}},
"minecraft:magenta_candle":{"trigger":"minecraft:inventory_changed","conditions":{"items":[{"items":["minecraft:magenta_candle"]}]}},
"minecraft:orange_candle":{"trigger":"minecraft:inventory_changed","conditions":{"items":[{"items":["minecraft:orange_candle"]}]}},
"minecraft:pink_candle":{"trigger":"minecraft:inventory_changed","conditions":{"items":[{"items":["minecraft:pink_candle"]}]}},
"minecraft:purple_candle":{"trigger":"minecraft:inventory_changed","conditions":{"items":[{"items":["minecraft:purple_candle"]}]}},
"minecraft:red_candle":{"trigger":"minecraft:inventory_changed","conditions":{"items":[{"items":["minecraft:red_candle"]}]}},
"minecraft:white_candle":{"trigger":"minecraft:inventory_changed","conditions":{"items":[{"items":["minecraft:white_candle"]}]}},
"minecraft:yellow_candle":{"trigger":"minecraft:inventory_changed","conditions":{"items":[{"items":["minecraft:yellow_candle"]}]}}

		},"requirements":[

["minecraft:light_blue_wool",
"minecraft:black_wool",
"minecraft:blue_wool",
"minecraft:cyan_wool",
"minecraft:light_gray_wool",
"minecraft:lime_wool",
"minecraft:pink_wool",
"minecraft:magenta_wool",
"minecraft:purple_wool",
"minecraft:green_wool",
"minecraft:gray_wool",
"minecraft:red_wool",
"minecraft:brown_wool",
"minecraft:orange_wool",
"minecraft:white_wool",
"minecraft:yellow_wool",
"minecraft:moss_carpet",
"minecraft:light_blue_carpet",
"minecraft:black_carpet",
"minecraft:blue_carpet",
"minecraft:brown_carpet",
"minecraft:cyan_carpet",
"minecraft:gray_carpet",
"minecraft:green_carpet",
"minecraft:light_gray_carpet",
"minecraft:lime_carpet",
"minecraft:magenta_carpet",
"minecraft:orange_carpet",
"minecraft:pink_carpet",
"minecraft:purple_carpet",
"minecraft:red_carpet",
"minecraft:white_carpet",
"minecraft:yellow_carpet",
"minecraft:globe_banner_pattern",
"minecraft:flower_banner_pattern",
"minecraft:creeper_banner_pattern",
"minecraft:skull_banner_pattern",
"minecraft:mojang_banner_pattern",
"minecraft:piglin_banner_pattern",
"minecraft:light_blue_banner",
"minecraft:black_banner",
"minecraft:blue_banner",
"minecraft:brown_banner",
"minecraft:cyan_banner",
"minecraft:green_banner",
"minecraft:gray_banner",
"minecraft:light_gray_banner",
"minecraft:lime_banner",
"minecraft:magenta_banner",
"minecraft:orange_banner",
"minecraft:pink_banner",
"minecraft:purple_banner",
"minecraft:red_banner",
"minecraft:white_banner",
"minecraft:yellow_banner",
"minecraft:light_blue_bed",
"minecraft:black_bed",
"minecraft:blue_bed",
"minecraft:brown_bed",
"minecraft:cyan_bed",
"minecraft:gray_bed",
"minecraft:green_bed",
"minecraft:light_gray_bed",
"minecraft:lime_bed",
"minecraft:magenta_bed",
"minecraft:orange_bed",
"minecraft:pink_bed",
"minecraft:purple_bed",
"minecraft:red_bed",
"minecraft:white_bed",
"minecraft:yellow_bed",
"minecraft:light_blue_candle",
"minecraft:black_candle",
"minecraft:candle",
"minecraft:blue_candle",
"minecraft:brown_candle",
"minecraft:cyan_candle",
"minecraft:gray_candle",
"minecraft:green_candle",
"minecraft:light_gray_candle",
"minecraft:lime_candle",
"minecraft:magenta_candle",
"minecraft:orange_candle",
"minecraft:pink_candle",
"minecraft:purple_candle",
"minecraft:red_candle",
"minecraft:white_candle",
"minecraft:yellow_candle"]
		]}
