		{"parent":
"all_item:work/stain/wool/_family",
		"display":{"icon":{"item":
"minecraft:globe_banner_pattern"
		},"title":
"旗帜图案属",
		"description":"","frame":"task","show_toast":true,"announce_to_chat":true,
		"hidden":false},"criteria":{

"minecraft:globe_banner_pattern":{"trigger":"minecraft:inventory_changed","conditions":{"items":[{"items":["minecraft:globe_banner_pattern"]}]}},
"minecraft:flower_banner_pattern":{"trigger":"minecraft:inventory_changed","conditions":{"items":[{"items":["minecraft:flower_banner_pattern"]}]}},
"minecraft:creeper_banner_pattern":{"trigger":"minecraft:inventory_changed","conditions":{"items":[{"items":["minecraft:creeper_banner_pattern"]}]}},
"minecraft:skull_banner_pattern":{"trigger":"minecraft:inventory_changed","conditions":{"items":[{"items":["minecraft:skull_banner_pattern"]}]}},
"minecraft:mojang_banner_pattern":{"trigger":"minecraft:inventory_changed","conditions":{"items":[{"items":["minecraft:mojang_banner_pattern"]}]}},
"minecraft:piglin_banner_pattern":{"trigger":"minecraft:inventory_changed","conditions":{"items":[{"items":["minecraft:piglin_banner_pattern"]}]}}

		},"requirements":[

["minecraft:globe_banner_pattern"],
["minecraft:flower_banner_pattern"],
["minecraft:creeper_banner_pattern"],
["minecraft:skull_banner_pattern"],
["minecraft:mojang_banner_pattern"],
["minecraft:piglin_banner_pattern"]
		]}
