		{"parent":
"all_item:work/stain/wool/_family",
		"display":{"icon":{"item":
"minecraft:light_blue_banner"
		},"title":
"旗帜属",
		"description":"","frame":"task","show_toast":true,"announce_to_chat":true,
		"hidden":false},"criteria":{

"minecraft:light_blue_banner":{"trigger":"minecraft:inventory_changed","conditions":{"items":[{"items":["minecraft:light_blue_banner"]}]}},
"minecraft:black_banner":{"trigger":"minecraft:inventory_changed","conditions":{"items":[{"items":["minecraft:black_banner"]}]}},
"minecraft:blue_banner":{"trigger":"minecraft:inventory_changed","conditions":{"items":[{"items":["minecraft:blue_banner"]}]}},
"minecraft:brown_banner":{"trigger":"minecraft:inventory_changed","conditions":{"items":[{"items":["minecraft:brown_banner"]}]}},
"minecraft:cyan_banner":{"trigger":"minecraft:inventory_changed","conditions":{"items":[{"items":["minecraft:cyan_banner"]}]}},
"minecraft:green_banner":{"trigger":"minecraft:inventory_changed","conditions":{"items":[{"items":["minecraft:green_banner"]}]}},
"minecraft:gray_banner":{"trigger":"minecraft:inventory_changed","conditions":{"items":[{"items":["minecraft:gray_banner"]}]}},
"minecraft:light_gray_banner":{"trigger":"minecraft:inventory_changed","conditions":{"items":[{"items":["minecraft:light_gray_banner"]}]}},
"minecraft:lime_banner":{"trigger":"minecraft:inventory_changed","conditions":{"items":[{"items":["minecraft:lime_banner"]}]}},
"minecraft:magenta_banner":{"trigger":"minecraft:inventory_changed","conditions":{"items":[{"items":["minecraft:magenta_banner"]}]}},
"minecraft:orange_banner":{"trigger":"minecraft:inventory_changed","conditions":{"items":[{"items":["minecraft:orange_banner"]}]}},
"minecraft:pink_banner":{"trigger":"minecraft:inventory_changed","conditions":{"items":[{"items":["minecraft:pink_banner"]}]}},
"minecraft:purple_banner":{"trigger":"minecraft:inventory_changed","conditions":{"items":[{"items":["minecraft:purple_banner"]}]}},
"minecraft:red_banner":{"trigger":"minecraft:inventory_changed","conditions":{"items":[{"items":["minecraft:red_banner"]}]}},
"minecraft:white_banner":{"trigger":"minecraft:inventory_changed","conditions":{"items":[{"items":["minecraft:white_banner"]}]}},
"minecraft:yellow_banner":{"trigger":"minecraft:inventory_changed","conditions":{"items":[{"items":["minecraft:yellow_banner"]}]}}

		},"requirements":[

["minecraft:light_blue_banner"],
["minecraft:black_banner"],
["minecraft:blue_banner"],
["minecraft:brown_banner"],
["minecraft:cyan_banner"],
["minecraft:green_banner"],
["minecraft:gray_banner"],
["minecraft:light_gray_banner"],
["minecraft:lime_banner"],
["minecraft:magenta_banner"],
["minecraft:orange_banner"],
["minecraft:pink_banner"],
["minecraft:purple_banner"],
["minecraft:red_banner"],
["minecraft:white_banner"],
["minecraft:yellow_banner"]
		]}
