		{"parent":
"all_item:work/stain/wool/_family",
		"display":{"icon":{"item":
"minecraft:light_blue_bed"
		},"title":
"床属",
		"description":"","frame":"task","show_toast":true,"announce_to_chat":true,
		"hidden":false},"criteria":{

"minecraft:light_blue_bed":{"trigger":"minecraft:inventory_changed","conditions":{"items":[{"items":["minecraft:light_blue_bed"]}]}},
"minecraft:black_bed":{"trigger":"minecraft:inventory_changed","conditions":{"items":[{"items":["minecraft:black_bed"]}]}},
"minecraft:blue_bed":{"trigger":"minecraft:inventory_changed","conditions":{"items":[{"items":["minecraft:blue_bed"]}]}},
"minecraft:brown_bed":{"trigger":"minecraft:inventory_changed","conditions":{"items":[{"items":["minecraft:brown_bed"]}]}},
"minecraft:cyan_bed":{"trigger":"minecraft:inventory_changed","conditions":{"items":[{"items":["minecraft:cyan_bed"]}]}},
"minecraft:gray_bed":{"trigger":"minecraft:inventory_changed","conditions":{"items":[{"items":["minecraft:gray_bed"]}]}},
"minecraft:green_bed":{"trigger":"minecraft:inventory_changed","conditions":{"items":[{"items":["minecraft:green_bed"]}]}},
"minecraft:light_gray_bed":{"trigger":"minecraft:inventory_changed","conditions":{"items":[{"items":["minecraft:light_gray_bed"]}]}},
"minecraft:lime_bed":{"trigger":"minecraft:inventory_changed","conditions":{"items":[{"items":["minecraft:lime_bed"]}]}},
"minecraft:magenta_bed":{"trigger":"minecraft:inventory_changed","conditions":{"items":[{"items":["minecraft:magenta_bed"]}]}},
"minecraft:orange_bed":{"trigger":"minecraft:inventory_changed","conditions":{"items":[{"items":["minecraft:orange_bed"]}]}},
"minecraft:pink_bed":{"trigger":"minecraft:inventory_changed","conditions":{"items":[{"items":["minecraft:pink_bed"]}]}},
"minecraft:purple_bed":{"trigger":"minecraft:inventory_changed","conditions":{"items":[{"items":["minecraft:purple_bed"]}]}},
"minecraft:red_bed":{"trigger":"minecraft:inventory_changed","conditions":{"items":[{"items":["minecraft:red_bed"]}]}},
"minecraft:white_bed":{"trigger":"minecraft:inventory_changed","conditions":{"items":[{"items":["minecraft:white_bed"]}]}},
"minecraft:yellow_bed":{"trigger":"minecraft:inventory_changed","conditions":{"items":[{"items":["minecraft:yellow_bed"]}]}}

		},"requirements":[

["minecraft:light_blue_bed"],
["minecraft:black_bed"],
["minecraft:blue_bed"],
["minecraft:brown_bed"],
["minecraft:cyan_bed"],
["minecraft:gray_bed"],
["minecraft:green_bed"],
["minecraft:light_gray_bed"],
["minecraft:lime_bed"],
["minecraft:magenta_bed"],
["minecraft:orange_bed"],
["minecraft:pink_bed"],
["minecraft:purple_bed"],
["minecraft:red_bed"],
["minecraft:white_bed"],
["minecraft:yellow_bed"]
		]}
