		{"parent":
"all_item:work/stain/wool/_family",
		"display":{"icon":{"item":
"minecraft:light_blue_carpet"
		},"title":
"地毯属",
		"description":"","frame":"task","show_toast":true,"announce_to_chat":true,
		"hidden":false},"criteria":{

"minecraft:light_blue_carpet":{"trigger":"minecraft:inventory_changed","conditions":{"items":[{"items":["minecraft:light_blue_carpet"]}]}},
"minecraft:black_carpet":{"trigger":"minecraft:inventory_changed","conditions":{"items":[{"items":["minecraft:black_carpet"]}]}},
"minecraft:blue_carpet":{"trigger":"minecraft:inventory_changed","conditions":{"items":[{"items":["minecraft:blue_carpet"]}]}},
"minecraft:brown_carpet":{"trigger":"minecraft:inventory_changed","conditions":{"items":[{"items":["minecraft:brown_carpet"]}]}},
"minecraft:cyan_carpet":{"trigger":"minecraft:inventory_changed","conditions":{"items":[{"items":["minecraft:cyan_carpet"]}]}},
"minecraft:gray_carpet":{"trigger":"minecraft:inventory_changed","conditions":{"items":[{"items":["minecraft:gray_carpet"]}]}},
"minecraft:green_carpet":{"trigger":"minecraft:inventory_changed","conditions":{"items":[{"items":["minecraft:green_carpet"]}]}},
"minecraft:light_gray_carpet":{"trigger":"minecraft:inventory_changed","conditions":{"items":[{"items":["minecraft:light_gray_carpet"]}]}},
"minecraft:lime_carpet":{"trigger":"minecraft:inventory_changed","conditions":{"items":[{"items":["minecraft:lime_carpet"]}]}},
"minecraft:magenta_carpet":{"trigger":"minecraft:inventory_changed","conditions":{"items":[{"items":["minecraft:magenta_carpet"]}]}},
"minecraft:orange_carpet":{"trigger":"minecraft:inventory_changed","conditions":{"items":[{"items":["minecraft:orange_carpet"]}]}},
"minecraft:pink_carpet":{"trigger":"minecraft:inventory_changed","conditions":{"items":[{"items":["minecraft:pink_carpet"]}]}},
"minecraft:purple_carpet":{"trigger":"minecraft:inventory_changed","conditions":{"items":[{"items":["minecraft:purple_carpet"]}]}},
"minecraft:red_carpet":{"trigger":"minecraft:inventory_changed","conditions":{"items":[{"items":["minecraft:red_carpet"]}]}},
"minecraft:white_carpet":{"trigger":"minecraft:inventory_changed","conditions":{"items":[{"items":["minecraft:white_carpet"]}]}},
"minecraft:yellow_carpet":{"trigger":"minecraft:inventory_changed","conditions":{"items":[{"items":["minecraft:yellow_carpet"]}]}}

		},"requirements":[

["minecraft:light_blue_carpet"],
["minecraft:black_carpet"],
["minecraft:blue_carpet"],
["minecraft:brown_carpet"],
["minecraft:cyan_carpet"],
["minecraft:gray_carpet"],
["minecraft:green_carpet"],
["minecraft:light_gray_carpet"],
["minecraft:lime_carpet"],
["minecraft:magenta_carpet"],
["minecraft:orange_carpet"],
["minecraft:pink_carpet"],
["minecraft:purple_carpet"],
["minecraft:red_carpet"],
["minecraft:white_carpet"],
["minecraft:yellow_carpet"]
		]}
