		{"parent":
"all_item:work/stain/wool/_family",
		"display":{"icon":{"item":
"minecraft:light_blue_wool"
		},"title":
"羊毛属",
		"description":"","frame":"task","show_toast":true,"announce_to_chat":true,
		"hidden":false},"criteria":{

"minecraft:light_blue_wool":{"trigger":"minecraft:inventory_changed","conditions":{"items":[{"items":["minecraft:light_blue_wool"]}]}},
"minecraft:black_wool":{"trigger":"minecraft:inventory_changed","conditions":{"items":[{"items":["minecraft:black_wool"]}]}},
"minecraft:blue_wool":{"trigger":"minecraft:inventory_changed","conditions":{"items":[{"items":["minecraft:blue_wool"]}]}},
"minecraft:cyan_wool":{"trigger":"minecraft:inventory_changed","conditions":{"items":[{"items":["minecraft:cyan_wool"]}]}},
"minecraft:light_gray_wool":{"trigger":"minecraft:inventory_changed","conditions":{"items":[{"items":["minecraft:light_gray_wool"]}]}},
"minecraft:lime_wool":{"trigger":"minecraft:inventory_changed","conditions":{"items":[{"items":["minecraft:lime_wool"]}]}},
"minecraft:pink_wool":{"trigger":"minecraft:inventory_changed","conditions":{"items":[{"items":["minecraft:pink_wool"]}]}},
"minecraft:magenta_wool":{"trigger":"minecraft:inventory_changed","conditions":{"items":[{"items":["minecraft:magenta_wool"]}]}},
"minecraft:purple_wool":{"trigger":"minecraft:inventory_changed","conditions":{"items":[{"items":["minecraft:purple_wool"]}]}},
"minecraft:green_wool":{"trigger":"minecraft:inventory_changed","conditions":{"items":[{"items":["minecraft:green_wool"]}]}},
"minecraft:gray_wool":{"trigger":"minecraft:inventory_changed","conditions":{"items":[{"items":["minecraft:gray_wool"]}]}},
"minecraft:red_wool":{"trigger":"minecraft:inventory_changed","conditions":{"items":[{"items":["minecraft:red_wool"]}]}},
"minecraft:brown_wool":{"trigger":"minecraft:inventory_changed","conditions":{"items":[{"items":["minecraft:brown_wool"]}]}},
"minecraft:orange_wool":{"trigger":"minecraft:inventory_changed","conditions":{"items":[{"items":["minecraft:orange_wool"]}]}},
"minecraft:white_wool":{"trigger":"minecraft:inventory_changed","conditions":{"items":[{"items":["minecraft:white_wool"]}]}},
"minecraft:yellow_wool":{"trigger":"minecraft:inventory_changed","conditions":{"items":[{"items":["minecraft:yellow_wool"]}]}}

		},"requirements":[

["minecraft:light_blue_wool"],
["minecraft:black_wool"],
["minecraft:blue_wool"],
["minecraft:cyan_wool"],
["minecraft:light_gray_wool"],
["minecraft:lime_wool"],
["minecraft:pink_wool"],
["minecraft:magenta_wool"],
["minecraft:purple_wool"],
["minecraft:green_wool"],
["minecraft:gray_wool"],
["minecraft:red_wool"],
["minecraft:brown_wool"],
["minecraft:orange_wool"],
["minecraft:white_wool"],
["minecraft:yellow_wool"]
		]}
