		{"parent":
"all_item:work/stain/wool/_family",
		"display":{"icon":{"item":
"minecraft:light_blue_candle"
		},"title":
"蜡烛属",
		"description":"","frame":"task","show_toast":true,"announce_to_chat":true,
		"hidden":false},"criteria":{

"minecraft:light_blue_candle":{"trigger":"minecraft:inventory_changed","conditions":{"items":[{"items":["minecraft:light_blue_candle"]}]}},
"minecraft:black_candle":{"trigger":"minecraft:inventory_changed","conditions":{"items":[{"items":["minecraft:black_candle"]}]}},
"minecraft:candle":{"trigger":"minecraft:inventory_changed","conditions":{"items":[{"items":["minecraft:candle"]}]}},
"minecraft:blue_candle":{"trigger":"minecraft:inventory_changed","conditions":{"items":[{"items":["minecraft:blue_candle"]}]}},
"minecraft:brown_candle":{"trigger":"minecraft:inventory_changed","conditions":{"items":[{"items":["minecraft:brown_candle"]}]}},
"minecraft:cyan_candle":{"trigger":"minecraft:inventory_changed","conditions":{"items":[{"items":["minecraft:cyan_candle"]}]}},
"minecraft:gray_candle":{"trigger":"minecraft:inventory_changed","conditions":{"items":[{"items":["minecraft:gray_candle"]}]}},
"minecraft:green_candle":{"trigger":"minecraft:inventory_changed","conditions":{"items":[{"items":["minecraft:green_candle"]}]}},
"minecraft:light_gray_candle":{"trigger":"minecraft:inventory_changed","conditions":{"items":[{"items":["minecraft:light_gray_candle"]}]}},
"minecraft:lime_candle":{"trigger":"minecraft:inventory_changed","conditions":{"items":[{"items":["minecraft:lime_candle"]}]}},
"minecraft:magenta_candle":{"trigger":"minecraft:inventory_changed","conditions":{"items":[{"items":["minecraft:magenta_candle"]}]}},
"minecraft:orange_candle":{"trigger":"minecraft:inventory_changed","conditions":{"items":[{"items":["minecraft:orange_candle"]}]}},
"minecraft:pink_candle":{"trigger":"minecraft:inventory_changed","conditions":{"items":[{"items":["minecraft:pink_candle"]}]}},
"minecraft:purple_candle":{"trigger":"minecraft:inventory_changed","conditions":{"items":[{"items":["minecraft:purple_candle"]}]}},
"minecraft:red_candle":{"trigger":"minecraft:inventory_changed","conditions":{"items":[{"items":["minecraft:red_candle"]}]}},
"minecraft:white_candle":{"trigger":"minecraft:inventory_changed","conditions":{"items":[{"items":["minecraft:white_candle"]}]}},
"minecraft:yellow_candle":{"trigger":"minecraft:inventory_changed","conditions":{"items":[{"items":["minecraft:yellow_candle"]}]}}

		},"requirements":[

["minecraft:light_blue_candle"],
["minecraft:black_candle"],
["minecraft:candle"],
["minecraft:blue_candle"],
["minecraft:brown_candle"],
["minecraft:cyan_candle"],
["minecraft:gray_candle"],
["minecraft:green_candle"],
["minecraft:light_gray_candle"],
["minecraft:lime_candle"],
["minecraft:magenta_candle"],
["minecraft:orange_candle"],
["minecraft:pink_candle"],
["minecraft:purple_candle"],
["minecraft:red_candle"],
["minecraft:white_candle"],
["minecraft:yellow_candle"]
		]}
