		{"display":{"icon":{"item":
"minecraft:apple"
		},"title":
"食物目",
		"description":"","frame":"task","background":"minecraft:textures/gui/advancements/backgrounds/stone.png",
        "show_toast":true,"announce_to_chat":true,"hidden":false},"criteria":{

"minecraft:apple":{"trigger":"minecraft:inventory_changed","conditions":{"items":[{"items":["minecraft:apple"]}]}},
"minecraft:golden_apple":{"trigger":"minecraft:inventory_changed","conditions":{"items":[{"items":["minecraft:golden_apple"]}]}},
"minecraft:enchanted_golden_apple":{"trigger":"minecraft:inventory_changed","conditions":{"items":[{"items":["minecraft:enchanted_golden_apple"]}]}},
"minecraft:potato":{"trigger":"minecraft:inventory_changed","conditions":{"items":[{"items":["minecraft:potato"]}]}},
"minecraft:baked_potato":{"trigger":"minecraft:inventory_changed","conditions":{"items":[{"items":["minecraft:baked_potato"]}]}},
"minecraft:poisonous_potato":{"trigger":"minecraft:inventory_changed","conditions":{"items":[{"items":["minecraft:poisonous_potato"]}]}},
"minecraft:beetroot":{"trigger":"minecraft:inventory_changed","conditions":{"items":[{"items":["minecraft:beetroot"]}]}},
"minecraft:bread":{"trigger":"minecraft:inventory_changed","conditions":{"items":[{"items":["minecraft:bread"]}]}},
"minecraft:cookie":{"trigger":"minecraft:inventory_changed","conditions":{"items":[{"items":["minecraft:cookie"]}]}},
"minecraft:melon_slice":{"trigger":"minecraft:inventory_changed","conditions":{"items":[{"items":["minecraft:melon_slice"]}]}},
"minecraft:dried_kelp":{"trigger":"minecraft:inventory_changed","conditions":{"items":[{"items":["minecraft:dried_kelp"]}]}},
"minecraft:melon":{"trigger":"minecraft:inventory_changed","conditions":{"items":[{"items":["minecraft:melon"]}]}},
"minecraft:sweet_berries":{"trigger":"minecraft:inventory_changed","conditions":{"items":[{"items":["minecraft:sweet_berries"]}]}},
"minecraft:dried_kelp_block":{"trigger":"minecraft:inventory_changed","conditions":{"items":[{"items":["minecraft:dried_kelp_block"]}]}},
"minecraft:pumpkin_pie":{"trigger":"minecraft:inventory_changed","conditions":{"items":[{"items":["minecraft:pumpkin_pie"]}]}},
"minecraft:carrot":{"trigger":"minecraft:inventory_changed","conditions":{"items":[{"items":["minecraft:carrot"]}]}},
"minecraft:cooked_porkchop":{"trigger":"minecraft:inventory_changed","conditions":{"items":[{"items":["minecraft:cooked_porkchop"]}]}},
"minecraft:porkchop":{"trigger":"minecraft:inventory_changed","conditions":{"items":[{"items":["minecraft:porkchop"]}]}},
"minecraft:chicken":{"trigger":"minecraft:inventory_changed","conditions":{"items":[{"items":["minecraft:chicken"]}]}},
"minecraft:cooked_chicken":{"trigger":"minecraft:inventory_changed","conditions":{"items":[{"items":["minecraft:cooked_chicken"]}]}},
"minecraft:rabbit":{"trigger":"minecraft:inventory_changed","conditions":{"items":[{"items":["minecraft:rabbit"]}]}},
"minecraft:cooked_rabbit":{"trigger":"minecraft:inventory_changed","conditions":{"items":[{"items":["minecraft:cooked_rabbit"]}]}},
"minecraft:mutton":{"trigger":"minecraft:inventory_changed","conditions":{"items":[{"items":["minecraft:mutton"]}]}},
"minecraft:cooked_mutton":{"trigger":"minecraft:inventory_changed","conditions":{"items":[{"items":["minecraft:cooked_mutton"]}]}},
"minecraft:cod":{"trigger":"minecraft:inventory_changed","conditions":{"items":[{"items":["minecraft:cod"]}]}},
"minecraft:salmon":{"trigger":"minecraft:inventory_changed","conditions":{"items":[{"items":["minecraft:salmon"]}]}},
"minecraft:tropical_fish":{"trigger":"minecraft:inventory_changed","conditions":{"items":[{"items":["minecraft:tropical_fish"]}]}},
"minecraft:cooked_cod":{"trigger":"minecraft:inventory_changed","conditions":{"items":[{"items":["minecraft:cooked_cod"]}]}},
"minecraft:cooked_salmon":{"trigger":"minecraft:inventory_changed","conditions":{"items":[{"items":["minecraft:cooked_salmon"]}]}},
"minecraft:beef":{"trigger":"minecraft:inventory_changed","conditions":{"items":[{"items":["minecraft:beef"]}]}},
"minecraft:cooked_beef":{"trigger":"minecraft:inventory_changed","conditions":{"items":[{"items":["minecraft:cooked_beef"]}]}},
"minecraft:mushroom_stew":{"trigger":"minecraft:inventory_changed","conditions":{"items":[{"items":["minecraft:mushroom_stew"]}]}},
"minecraft:bowl":{"trigger":"minecraft:inventory_changed","conditions":{"items":[{"items":["minecraft:bowl"]}]}},
"minecraft:beetroot_soup":{"trigger":"minecraft:inventory_changed","conditions":{"items":[{"items":["minecraft:beetroot_soup"]}]}},
"minecraft:rabbit_stew":{"trigger":"minecraft:inventory_changed","conditions":{"items":[{"items":["minecraft:rabbit_stew"]}]}},
"minecraft:rotten_flesh":{"trigger":"minecraft:inventory_changed","conditions":{"items":[{"items":["minecraft:rotten_flesh"]}]}},
"minecraft:cake":{"trigger":"minecraft:inventory_changed","conditions":{"items":[{"items":["minecraft:cake"]}]}}

		},"requirements":[

["minecraft:apple",
"minecraft:golden_apple",
"minecraft:enchanted_golden_apple",
"minecraft:potato",
"minecraft:baked_potato",
"minecraft:poisonous_potato",
"minecraft:beetroot",
"minecraft:bread",
"minecraft:cookie",
"minecraft:melon_slice",
"minecraft:dried_kelp",
"minecraft:melon",
"minecraft:sweet_berries",
"minecraft:dried_kelp_block",
"minecraft:pumpkin_pie",
"minecraft:carrot",
"minecraft:cooked_porkchop",
"minecraft:porkchop",
"minecraft:chicken",
"minecraft:cooked_chicken",
"minecraft:rabbit",
"minecraft:cooked_rabbit",
"minecraft:mutton",
"minecraft:cooked_mutton",
"minecraft:cod",
"minecraft:salmon",
"minecraft:tropical_fish",
"minecraft:cooked_cod",
"minecraft:cooked_salmon",
"minecraft:beef",
"minecraft:cooked_beef",
"minecraft:mushroom_stew",
"minecraft:bowl",
"minecraft:beetroot_soup",
"minecraft:rabbit_stew",
"minecraft:rotten_flesh",
"minecraft:cake"]
		]}
