		{"parent":
"all_item:arm/tool/root",
		"display":{"icon":{"item":
"minecraft:diamond_pickaxe"
		},"title":
"斧镐锹锄科",
		"description":"","frame":"task","show_toast":true,"announce_to_chat":true,
		"hidden":false},"criteria":{

"minecraft:diamond_pickaxe":{"trigger":"minecraft:inventory_changed","conditions":{"items":[{"items":["minecraft:diamond_pickaxe"]}]}},
"minecraft:wooden_pickaxe":{"trigger":"minecraft:inventory_changed","conditions":{"items":[{"items":["minecraft:wooden_pickaxe"]}]}},
"minecraft:stone_pickaxe":{"trigger":"minecraft:inventory_changed","conditions":{"items":[{"items":["minecraft:stone_pickaxe"]}]}},
"minecraft:golden_pickaxe":{"trigger":"minecraft:inventory_changed","conditions":{"items":[{"items":["minecraft:golden_pickaxe"]}]}},
"minecraft:netherite_pickaxe":{"trigger":"minecraft:inventory_changed","conditions":{"items":[{"items":["minecraft:netherite_pickaxe"]}]}},
"minecraft:iron_pickaxe":{"trigger":"minecraft:inventory_changed","conditions":{"items":[{"items":["minecraft:iron_pickaxe"]}]}},
"minecraft:diamond_axe":{"trigger":"minecraft:inventory_changed","conditions":{"items":[{"items":["minecraft:diamond_axe"]}]}},
"minecraft:wooden_axe":{"trigger":"minecraft:inventory_changed","conditions":{"items":[{"items":["minecraft:wooden_axe"]}]}},
"minecraft:stone_axe":{"trigger":"minecraft:inventory_changed","conditions":{"items":[{"items":["minecraft:stone_axe"]}]}},
"minecraft:golden_axe":{"trigger":"minecraft:inventory_changed","conditions":{"items":[{"items":["minecraft:golden_axe"]}]}},
"minecraft:iron_axe":{"trigger":"minecraft:inventory_changed","conditions":{"items":[{"items":["minecraft:iron_axe"]}]}},
"minecraft:netherite_axe":{"trigger":"minecraft:inventory_changed","conditions":{"items":[{"items":["minecraft:netherite_axe"]}]}},
"minecraft:diamond_shovel":{"trigger":"minecraft:inventory_changed","conditions":{"items":[{"items":["minecraft:diamond_shovel"]}]}},
"minecraft:wooden_shovel":{"trigger":"minecraft:inventory_changed","conditions":{"items":[{"items":["minecraft:wooden_shovel"]}]}},
"minecraft:stone_shovel":{"trigger":"minecraft:inventory_changed","conditions":{"items":[{"items":["minecraft:stone_shovel"]}]}},
"minecraft:golden_shovel":{"trigger":"minecraft:inventory_changed","conditions":{"items":[{"items":["minecraft:golden_shovel"]}]}},
"minecraft:netherite_shovel":{"trigger":"minecraft:inventory_changed","conditions":{"items":[{"items":["minecraft:netherite_shovel"]}]}},
"minecraft:iron_shovel":{"trigger":"minecraft:inventory_changed","conditions":{"items":[{"items":["minecraft:iron_shovel"]}]}},
"minecraft:diamond_hoe":{"trigger":"minecraft:inventory_changed","conditions":{"items":[{"items":["minecraft:diamond_hoe"]}]}},
"minecraft:wooden_hoe":{"trigger":"minecraft:inventory_changed","conditions":{"items":[{"items":["minecraft:wooden_hoe"]}]}},
"minecraft:stone_hoe":{"trigger":"minecraft:inventory_changed","conditions":{"items":[{"items":["minecraft:stone_hoe"]}]}},
"minecraft:golden_hoe":{"trigger":"minecraft:inventory_changed","conditions":{"items":[{"items":["minecraft:golden_hoe"]}]}},
"minecraft:netherite_hoe":{"trigger":"minecraft:inventory_changed","conditions":{"items":[{"items":["minecraft:netherite_hoe"]}]}},
"minecraft:iron_hoe":{"trigger":"minecraft:inventory_changed","conditions":{"items":[{"items":["minecraft:iron_hoe"]}]}}

		},"requirements":[

["minecraft:diamond_pickaxe",
"minecraft:wooden_pickaxe",
"minecraft:stone_pickaxe",
"minecraft:golden_pickaxe",
"minecraft:netherite_pickaxe",
"minecraft:iron_pickaxe",
"minecraft:diamond_axe",
"minecraft:wooden_axe",
"minecraft:stone_axe",
"minecraft:golden_axe",
"minecraft:iron_axe",
"minecraft:netherite_axe",
"minecraft:diamond_shovel",
"minecraft:wooden_shovel",
"minecraft:stone_shovel",
"minecraft:golden_shovel",
"minecraft:netherite_shovel",
"minecraft:iron_shovel",
"minecraft:diamond_hoe",
"minecraft:wooden_hoe",
"minecraft:stone_hoe",
"minecraft:golden_hoe",
"minecraft:netherite_hoe",
"minecraft:iron_hoe"]
		]}
