		{"parent":
"all_item:arm/tool/apsh/_family",
		"display":{"icon":{"item":
"minecraft:diamond_axe"
		},"title":
"斧属",
		"description":"","frame":"task","show_toast":true,"announce_to_chat":true,
		"hidden":false},"criteria":{

"minecraft:diamond_axe":{"trigger":"minecraft:inventory_changed","conditions":{"items":[{"items":["minecraft:diamond_axe"]}]}},
"minecraft:wooden_axe":{"trigger":"minecraft:inventory_changed","conditions":{"items":[{"items":["minecraft:wooden_axe"]}]}},
"minecraft:stone_axe":{"trigger":"minecraft:inventory_changed","conditions":{"items":[{"items":["minecraft:stone_axe"]}]}},
"minecraft:golden_axe":{"trigger":"minecraft:inventory_changed","conditions":{"items":[{"items":["minecraft:golden_axe"]}]}},
"minecraft:iron_axe":{"trigger":"minecraft:inventory_changed","conditions":{"items":[{"items":["minecraft:iron_axe"]}]}},
"minecraft:netherite_axe":{"trigger":"minecraft:inventory_changed","conditions":{"items":[{"items":["minecraft:netherite_axe"]}]}}

		},"requirements":[

["minecraft:diamond_axe"],
["minecraft:wooden_axe"],
["minecraft:stone_axe"],
["minecraft:golden_axe"],
["minecraft:iron_axe"],
["minecraft:netherite_axe"]
		]}
