		{"parent":
"all_item:arm/tool/apsh/_family",
		"display":{"icon":{"item":
"minecraft:diamond_hoe"
		},"title":
"锄属",
		"description":"","frame":"task","show_toast":true,"announce_to_chat":true,
		"hidden":false},"criteria":{

"minecraft:diamond_hoe":{"trigger":"minecraft:inventory_changed","conditions":{"items":[{"items":["minecraft:diamond_hoe"]}]}},
"minecraft:wooden_hoe":{"trigger":"minecraft:inventory_changed","conditions":{"items":[{"items":["minecraft:wooden_hoe"]}]}},
"minecraft:stone_hoe":{"trigger":"minecraft:inventory_changed","conditions":{"items":[{"items":["minecraft:stone_hoe"]}]}},
"minecraft:golden_hoe":{"trigger":"minecraft:inventory_changed","conditions":{"items":[{"items":["minecraft:golden_hoe"]}]}},
"minecraft:netherite_hoe":{"trigger":"minecraft:inventory_changed","conditions":{"items":[{"items":["minecraft:netherite_hoe"]}]}},
"minecraft:iron_hoe":{"trigger":"minecraft:inventory_changed","conditions":{"items":[{"items":["minecraft:iron_hoe"]}]}}

		},"requirements":[

["minecraft:diamond_hoe"],
["minecraft:wooden_hoe"],
["minecraft:stone_hoe"],
["minecraft:golden_hoe"],
["minecraft:netherite_hoe"],
["minecraft:iron_hoe"]
		]}
