		{"parent":
"all_item:arm/tool/apsh/_family",
		"display":{"icon":{"item":
"minecraft:diamond_shovel"
		},"title":
"锹属",
		"description":"","frame":"task","show_toast":true,"announce_to_chat":true,
		"hidden":false},"criteria":{

"minecraft:diamond_shovel":{"trigger":"minecraft:inventory_changed","conditions":{"items":[{"items":["minecraft:diamond_shovel"]}]}},
"minecraft:wooden_shovel":{"trigger":"minecraft:inventory_changed","conditions":{"items":[{"items":["minecraft:wooden_shovel"]}]}},
"minecraft:stone_shovel":{"trigger":"minecraft:inventory_changed","conditions":{"items":[{"items":["minecraft:stone_shovel"]}]}},
"minecraft:golden_shovel":{"trigger":"minecraft:inventory_changed","conditions":{"items":[{"items":["minecraft:golden_shovel"]}]}},
"minecraft:netherite_shovel":{"trigger":"minecraft:inventory_changed","conditions":{"items":[{"items":["minecraft:netherite_shovel"]}]}},
"minecraft:iron_shovel":{"trigger":"minecraft:inventory_changed","conditions":{"items":[{"items":["minecraft:iron_shovel"]}]}}

		},"requirements":[

["minecraft:diamond_shovel"],
["minecraft:wooden_shovel"],
["minecraft:stone_shovel"],
["minecraft:golden_shovel"],
["minecraft:netherite_shovel"],
["minecraft:iron_shovel"]
		]}
