		{"parent":
"all_item:arm/tool/apsh/_family",
		"display":{"icon":{"item":
"minecraft:diamond_pickaxe"
		},"title":
"镐属",
		"description":"","frame":"task","show_toast":true,"announce_to_chat":true,
		"hidden":false},"criteria":{

"minecraft:diamond_pickaxe":{"trigger":"minecraft:inventory_changed","conditions":{"items":[{"items":["minecraft:diamond_pickaxe"]}]}},
"minecraft:wooden_pickaxe":{"trigger":"minecraft:inventory_changed","conditions":{"items":[{"items":["minecraft:wooden_pickaxe"]}]}},
"minecraft:stone_pickaxe":{"trigger":"minecraft:inventory_changed","conditions":{"items":[{"items":["minecraft:stone_pickaxe"]}]}},
"minecraft:golden_pickaxe":{"trigger":"minecraft:inventory_changed","conditions":{"items":[{"items":["minecraft:golden_pickaxe"]}]}},
"minecraft:netherite_pickaxe":{"trigger":"minecraft:inventory_changed","conditions":{"items":[{"items":["minecraft:netherite_pickaxe"]}]}},
"minecraft:iron_pickaxe":{"trigger":"minecraft:inventory_changed","conditions":{"items":[{"items":["minecraft:iron_pickaxe"]}]}}

		},"requirements":[

["minecraft:diamond_pickaxe"],
["minecraft:wooden_pickaxe"],
["minecraft:stone_pickaxe"],
["minecraft:golden_pickaxe"],
["minecraft:netherite_pickaxe"],
["minecraft:iron_pickaxe"]
		]}
