		{"parent":
"all_item:life/fungi/root",
		"display":{"icon":{"item":
"minecraft:nether_sprouts"
		},"title":
"下界菌科",
		"description":"","frame":"task","show_toast":true,"announce_to_chat":true,
		"hidden":false},"criteria":{

"minecraft:nether_sprouts":{"trigger":"minecraft:inventory_changed","conditions":{"items":[{"items":["minecraft:nether_sprouts"]}]}},
"minecraft:warped_roots":{"trigger":"minecraft:inventory_changed","conditions":{"items":[{"items":["minecraft:warped_roots"]}]}},
"minecraft:crimson_roots":{"trigger":"minecraft:inventory_changed","conditions":{"items":[{"items":["minecraft:crimson_roots"]}]}},
"minecraft:warped_fungus":{"trigger":"minecraft:inventory_changed","conditions":{"items":[{"items":["minecraft:warped_fungus"]}]}},
"minecraft:crimson_fungus":{"trigger":"minecraft:inventory_changed","conditions":{"items":[{"items":["minecraft:crimson_fungus"]}]}},
"minecraft:warped_wart_block":{"trigger":"minecraft:inventory_changed","conditions":{"items":[{"items":["minecraft:warped_wart_block"]}]}},
"minecraft:nether_wart_block":{"trigger":"minecraft:inventory_changed","conditions":{"items":[{"items":["minecraft:nether_wart_block"]}]}}

		},"requirements":[

["minecraft:nether_sprouts",
"minecraft:warped_roots",
"minecraft:crimson_roots",
"minecraft:warped_fungus",
"minecraft:crimson_fungus",
"minecraft:warped_wart_block",
"minecraft:nether_wart_block"]
		]}
