		{"parent":
"all_item:life/fungi/fungus/_family",
		"display":{"icon":{"item":
"minecraft:warped_fungus"
		},"title":
"菌类属",
		"description":"","frame":"task","show_toast":true,"announce_to_chat":true,
		"hidden":false},"criteria":{

"minecraft:warped_fungus":{"trigger":"minecraft:inventory_changed","conditions":{"items":[{"items":["minecraft:warped_fungus"]}]}},
"minecraft:crimson_fungus":{"trigger":"minecraft:inventory_changed","conditions":{"items":[{"items":["minecraft:crimson_fungus"]}]}}

		},"requirements":[

["minecraft:warped_fungus"],
["minecraft:crimson_fungus"]
		]}
