		{"parent":
"all_item:life/fungi/fungus/_family",
		"display":{"icon":{"item":
"minecraft:warped_roots"
		},"title":
"菌索属",
		"description":"","frame":"task","show_toast":true,"announce_to_chat":true,
		"hidden":false},"criteria":{

"minecraft:warped_roots":{"trigger":"minecraft:inventory_changed","conditions":{"items":[{"items":["minecraft:warped_roots"]}]}},
"minecraft:crimson_roots":{"trigger":"minecraft:inventory_changed","conditions":{"items":[{"items":["minecraft:crimson_roots"]}]}}

		},"requirements":[

["minecraft:warped_roots"],
["minecraft:crimson_roots"]
		]}
