		{"parent":
"all_item:stone/stone/root",
		"display":{"icon":{"item":
"minecraft:stone"
		},"title":
"石头科",
		"description":"","frame":"task","show_toast":true,"announce_to_chat":true,
		"hidden":false},"criteria":{

"minecraft:stone":{"trigger":"minecraft:inventory_changed","conditions":{"items":[{"items":["minecraft:stone"]}]}},
"minecraft:cobblestone":{"trigger":"minecraft:inventory_changed","conditions":{"items":[{"items":["minecraft:cobblestone"]}]}},
"minecraft:mossy_cobblestone":{"trigger":"minecraft:inventory_changed","conditions":{"items":[{"items":["minecraft:mossy_cobblestone"]}]}},
"minecraft:smooth_stone":{"trigger":"minecraft:inventory_changed","conditions":{"items":[{"items":["minecraft:smooth_stone"]}]}},
"minecraft:stone_bricks":{"trigger":"minecraft:inventory_changed","conditions":{"items":[{"items":["minecraft:stone_bricks"]}]}},
"minecraft:chiseled_stone_bricks":{"trigger":"minecraft:inventory_changed","conditions":{"items":[{"items":["minecraft:chiseled_stone_bricks"]}]}},
"minecraft:cracked_stone_bricks":{"trigger":"minecraft:inventory_changed","conditions":{"items":[{"items":["minecraft:cracked_stone_bricks"]}]}},
"minecraft:mossy_stone_bricks":{"trigger":"minecraft:inventory_changed","conditions":{"items":[{"items":["minecraft:mossy_stone_bricks"]}]}}

		},"requirements":[

["minecraft:stone",
"minecraft:cobblestone",
"minecraft:mossy_cobblestone",
"minecraft:smooth_stone",
"minecraft:stone_bricks",
"minecraft:chiseled_stone_bricks",
"minecraft:cracked_stone_bricks",
"minecraft:mossy_stone_bricks"]
		]}
