		{"parent":
"all_item:stone/stone/stone/_family",
		"display":{"icon":{"item":
"minecraft:cobblestone"
		},"title":
"圆石属",
		"description":"","frame":"task","show_toast":true,"announce_to_chat":true,
		"hidden":false},"criteria":{

"minecraft:cobblestone":{"trigger":"minecraft:inventory_changed","conditions":{"items":[{"items":["minecraft:cobblestone"]}]}},
"minecraft:mossy_cobblestone":{"trigger":"minecraft:inventory_changed","conditions":{"items":[{"items":["minecraft:mossy_cobblestone"]}]}}

		},"requirements":[

["minecraft:cobblestone"],
["minecraft:mossy_cobblestone"]
		]}
