		{"parent":
"all_item:stone/stone/stone/_family",
		"display":{"icon":{"item":
"minecraft:stone_bricks"
		},"title":
"石砖属",
		"description":"","frame":"task","show_toast":true,"announce_to_chat":true,
		"hidden":false},"criteria":{

"minecraft:stone_bricks":{"trigger":"minecraft:inventory_changed","conditions":{"items":[{"items":["minecraft:stone_bricks"]}]}},
"minecraft:chiseled_stone_bricks":{"trigger":"minecraft:inventory_changed","conditions":{"items":[{"items":["minecraft:chiseled_stone_bricks"]}]}},
"minecraft:cracked_stone_bricks":{"trigger":"minecraft:inventory_changed","conditions":{"items":[{"items":["minecraft:cracked_stone_bricks"]}]}},
"minecraft:mossy_stone_bricks":{"trigger":"minecraft:inventory_changed","conditions":{"items":[{"items":["minecraft:mossy_stone_bricks"]}]}}

		},"requirements":[

["minecraft:stone_bricks"],
["minecraft:chiseled_stone_bricks"],
["minecraft:cracked_stone_bricks"],
["minecraft:mossy_stone_bricks"]
		]}
