		{"parent":
"all_item:stone/dirt/root",
		"display":{"icon":{"item":
"minecraft:mud"
		},"title":
"泥科",
		"description":"","frame":"task","show_toast":true,"announce_to_chat":true,
		"hidden":false},"criteria":{

"minecraft:mud":{"trigger":"minecraft:inventory_changed","conditions":{"items":[{"items":["minecraft:mud"]}]}},
"minecraft:mud_bricks":{"trigger":"minecraft:inventory_changed","conditions":{"items":[{"items":["minecraft:mud_bricks"]}]}},
"minecraft:packed_mud":{"trigger":"minecraft:inventory_changed","conditions":{"items":[{"items":["minecraft:packed_mud"]}]}}

		},"requirements":[

["minecraft:mud",
"minecraft:mud_bricks",
"minecraft:packed_mud"]
		]}
