		{"parent":
"all_item:life/aminal/root",
		"display":{"icon":{"item":
"minecraft:sponge"
		},"title":
"海绵科",
		"description":"","frame":"task","show_toast":true,"announce_to_chat":true,
		"hidden":false},"criteria":{

"minecraft:sponge":{"trigger":"minecraft:inventory_changed","conditions":{"items":[{"items":["minecraft:sponge"]}]}},
"minecraft:wet_sponge":{"trigger":"minecraft:inventory_changed","conditions":{"items":[{"items":["minecraft:wet_sponge"]}]}}

		},"requirements":[

["minecraft:sponge",
"minecraft:wet_sponge"]
		]}
