		{"parent":
"all_item:life/aminal/root",
		"display":{"icon":{"item":
"minecraft:bee_nest"
		},"title":
"蜜蜂科",
		"description":"","frame":"task","show_toast":true,"announce_to_chat":true,
		"hidden":false},"criteria":{

"minecraft:bee_nest":{"trigger":"minecraft:inventory_changed","conditions":{"items":[{"items":["minecraft:bee_nest"]}]}},
"minecraft:beehive":{"trigger":"minecraft:inventory_changed","conditions":{"items":[{"items":["minecraft:beehive"]}]}},
"minecraft:honeycomb":{"trigger":"minecraft:inventory_changed","conditions":{"items":[{"items":["minecraft:honeycomb"]}]}},
"minecraft:honeycomb_block":{"trigger":"minecraft:inventory_changed","conditions":{"items":[{"items":["minecraft:honeycomb_block"]}]}}

		},"requirements":[

["minecraft:bee_nest",
"minecraft:beehive",
"minecraft:honeycomb",
"minecraft:honeycomb_block"]
		]}
