		{"parent":
"all_item:life/aminal/bee/_family",
		"display":{"icon":{"item":
"minecraft:bee_nest"
		},"title":
"蜂巢属",
		"description":"","frame":"task","show_toast":true,"announce_to_chat":true,
		"hidden":false},"criteria":{

"minecraft:bee_nest":{"trigger":"minecraft:inventory_changed","conditions":{"items":[{"items":["minecraft:bee_nest"]}]}},
"minecraft:beehive":{"trigger":"minecraft:inventory_changed","conditions":{"items":[{"items":["minecraft:beehive"]}]}}

		},"requirements":[

["minecraft:bee_nest"],
["minecraft:beehive"]
		]}
